p-table-body-item,p-table-body-item 2,,p-table-body-item 3,p-table-body-item 4,,p-table-body-item 5,p-table-body-item 6,p-table-body-item 7,,,p-table-body-item 8,p-table-body-item 9,p-table-body-item 10,p-table-body-item 11,p-table-body-item 12,p-table-body-item 13,p-table-body-item 14,p-table-body-item 15,d-none,p-table-body-item 16,p-table-body-item 17,,
1,3.00135E+11,,アパート,183.74㎡,大阪府,大阪府東大阪市若江西新町１丁目,専任,"9,800万円","9,800",9000,一住,514.57㎡,リバーサイドヴィラ,公開中,-,近鉄奈良線 八戸ノ里,徒歩 9分,-,ＡＭＡ不動産（株）,1992年（平成 4年）11月,080-3303-8729,,250615
2,3.00134E+11,,アパート,84.54㎡,大阪府,大阪府大阪市西成区天下茶屋東２丁目,専任,"5,980万円","5,980",5000,一住,174.21㎡,コモド天下茶屋,公開中,一方,南海本線 天下茶屋,徒歩 10分,-,Ｇｅｍｉｎｉ（株）,1977年（昭和52年） 4月,080-9064-5977,,250615
3,1.00133E+11,,アパート,173.02㎡,埼玉県,埼玉県鶴ヶ島市大字五味ヶ谷,"一般
オーナーチェンジ","3,299万円","3,299",3000,-,136.04㎡,コーポハクツル,-,-,東武東上線 鶴ヶ島,徒歩 8分,東,ＭＩＲＡＩＲＩＳ（株）,1982年（昭和57年） 3月,03-6231-6886,,250615
4,1.00133E+11,,アパート,195.16㎡,東京都,東京都江東区南砂５丁目,"専属
オーナーチェンジ","7,900万円","7,900",7000,-,139.11㎡,,公開中,-,東西線 南砂町,徒歩 10分,-,Ｐｕｒｅ不動産コンサルタント（株）,,03-5809-8578,,250615
5,3.00134E+11,,マンション,168.60㎡,大阪府,大阪府大阪市西淀川区中島１丁目,専属,"11,000万円","11,000",11000,一住,399.98㎡,,公開中,一方,阪神なんば線 出来島,徒歩 12分,南東6.2m,アーバン不動産情報（株）,1989年（平成 1年） 6月,06-6353-8888,,250615
6,1.00133E+11,,アパート,312.89㎡,千葉県,千葉県松戸市八ケ崎７丁目,専任,"8,080万円","8,080",8000,一低,239.23㎡,ジュネパレス松戸第５９,一時停止,-,常磐緩行線 馬橋,徒歩 13分,-,アールフィールズ（株）,1988年（昭和63年） 3月,7032484846,,250615
7,1.00132E+11,,マンション,171.30㎡,東京都,東京都足立区関原２丁目,売主,"19,800万円","19,800",19000,準工,392.91㎡,Ｒ ＦＩＥＬＤＳ ＮＩＳＨＩＡＲＡＩ,-,-,伊勢崎線 梅島,徒歩 13分,-,アールフィールズ（株）,1991年（平成 3年） 5月,047-703-7737,,250615
8,1.00134E+11,,アパート,332.84㎡,埼玉県,埼玉県草加市高砂１丁目,専任,"5,380万円","5,380",5000,-,184.94㎡,,申込あり,一方,伊勢崎線 草加,徒歩 9分,-,アールフィールズ（株）,1985年（昭和60年）10月,047-703-7737,,250615
9,1.00134E+11,,アパート,100.35㎡,千葉県,千葉県松戸市西馬橋広手町,"一般
オーナーチェンジ","4,000万円","4,000",4000,一低,86.64㎡,ポラリス松戸壱番館,-,一方,常磐緩行線 馬橋,徒歩 13分,北東16m,アールフィールズ（株）,2004年（平成16年）12月,080-8779-9234,,250615
10,2.00133E+11,,マンション,452.57㎡,愛知県,愛知県大府市横根町平子,"一般
オーナーチェンジ","7,200万円","7,200",7000,準住,429.16㎡,フォークビルアンドウ,-,三方,東海道線 大府,徒歩 26分,北東11.7m,アクセスプラン（株）,1988年（昭和63年） 6月,052-252-5339,,250615
11,1.00135E+11,,アパート,160.79㎡,千葉県,千葉県船橋市前原東５丁目,"一般
オーナーチェンジ","9,780万円","9,780",9000,一中,190.66㎡,ｖｉｎｏｓｉｔｙ船橋前原,-,一方,京成松戸線 薬園台,,北3m,アドバルーン（有）,2020年（令和 2年）12月,090-4754-6709,,250615
12,1.00125E+11,,アパート,142.03㎡,千葉県,千葉県千葉市中央区大巌寺町,"一般
オーナーチェンジ","4,500万円","4,500",4000,一住,129.17㎡,アメニティ大巌寺,-,角地,京葉線 蘇我,停歩 5分/バス 12分,北西4m,アドバンスホーム㈱,2006年（平成18年）12月,048-256-0024,,250615
13,1.00135E+11,,アパート,205.51㎡,埼玉県,埼玉県川口市三ツ和１丁目,"一般
オーナーチェンジ","15,000万円","15,000",15000,一住,289.59㎡,Ｃｉｅｌ Ｂｌｅｕ 鳩ケ谷,-,一方,埼玉高速線 鳩ヶ谷,徒歩 8分,北,アドバンスホーム㈱,2017年（平成29年） 8月,048-256-0024,,250615
14,1.00135E+11,,アパート,363.06㎡,埼玉県,埼玉県草加市谷塚町,"一般
オーナーチェンジ","26,600万円","26,600",26000,一中,626.04㎡,Ｃｉｅｌ Ｂｌｕｅ 谷塚,-,二方,伊勢崎線 谷塚,徒歩 5分,東4.2m,アドバンスホーム㈱,2018年（平成30年） 3月,048-256-0024,,250615
15,1.00135E+11,,マンション,62.30㎡,東京都,東京都渋谷区上原１丁目,一般,"26,460万円","26,460",26000,二中,162.42㎡,,-,一方,小田急線 代々木八幡,徒歩 3分,-,アルカス住宅販売（株） 練馬南大泉店,2023年（令和 5年） 2月,03-5947-5767,,250615
16,1.00133E+11,,マンション,828.91㎡,愛知県,愛知県蒲郡市形原町出口,"一般
オーナーチェンジ","7,000万円","7,000",7000,準工,750.04㎡,,-,一方,蒲郡線 三河鹿島,徒歩 15分,東11m,きらめき不動産（株）,1981年（昭和56年） 9月,456333463,,250615
17,1.00134E+11,,アパート,492.69㎡,長野県,長野県長野市大字柳原,"一般
オーナーチェンジ","4,000万円","4,000",4000,-,219.24㎡,,-,-,長電長野線 柳原,,-,きらめき不動産（株）,1996年（平成 8年） 3月,080-6558-4582,,250615
18,1.00135E+11,,アパート,209.03㎡,埼玉県,埼玉県川口市三ツ和１丁目,"一般
オーナーチェンジ","12,500万円","12,500",12000,一住,199.74㎡,,-,-,埼玉高速線 鳩ヶ谷,徒歩 9分,-,きらめき不動産（株）,2018年（平成30年） 6月,080-6558-4582,,250615
19,2.00132E+11,,アパート,269.67㎡,三重県,三重県津市八幡町津,"一般
オーナーチェンジ","6,400万円","6,400",6000,一住,293.68㎡,リーブルファイン八幡,-,一方,紀勢線 阿漕,徒歩 20分,東4m,サンリッチエステート（株）,2018年（平成30年） 9月,522281468,,250615
20,1.00135E+11,,アパート,39.23㎡,東京都,東京都杉並区井草１丁目,専属,"2,990万円","2,990",2000,一低,49.96㎡,Ｌｅｔｉｚｉａ,公開中,一方,西武新宿線 下井草,徒歩 5分,-,スターツピタットハウス（株） 荻窪店,1975年（昭和50年）12月,03-5347-1851,,250615
21,1.00135E+11,,アパート,81.71㎡,東京都,東京都江東区牡丹３丁目,"専属
オーナーチェンジ","9,800万円","9,800",9000,準工,134.50㎡,ビーンズハウスⅠ・Ⅱ,公開中,一方,東西線 門前仲町,徒歩 7分,北東3.5m,スターツピタットハウス（株） 門前仲町店,2013年（平成25年）10月,070-4572-4251,,250615
22,1.00133E+11,,アパート,183.00㎡,神奈川県,神奈川県横浜市磯子区磯子６丁目,専属,"3,000万円","3,000",3000,一低,172.60㎡,,公開中,一方,根岸線 磯子,徒歩 21分,北6.5m,スターツピタットハウス（株） 上大岡店,1972年（昭和47年）12月,045-847-6277,,250615
23,1.00135E+11,,アパート,151.60㎡,神奈川県,神奈川県横浜市港北区菊名３丁目,"専属
オーナーチェンジ","11,000万円","11,000",11000,一中,159.77㎡,Ｄｉｍｏｒａ Ｋｉｋｕｎａ ｋｏｈｏｋｕ,公開中,一方,横浜線 菊名,徒歩 10分,南6m,スターツピタットハウス（株） 菊名店,2015年（平成27年） 1月,080-5929-6306,,250615
24,2.0013E+11,,アパート,624.46㎡,三重県,三重県津市阿漕町津興,一般,"4,800万円","4,800",4000,一住,327.28㎡,カストル／ポルックス,-,-,紀勢線 阿漕,徒歩 17分,東4.4m,セキスイハイム不動産（株）中部支店流通営業所,1998年（平成10年）12月,052-959-2829,,250615
25,1.00134E+11,,アパート,"1,197.34㎡",神奈川県,神奈川県小田原市千代,"売主
オーナーチェンジ","11,900万円","11,900",11000,一中,778.64㎡,シティハイム グリーンフラット、グリーンフラットⅡ,-,一方,御殿場線 下曽我,徒歩 10分,北,セキスイハイム不動産（株）神奈川営業所,1992年（平成 4年）10月,03-6843-0816,,250615
26,3.00135E+11,,マンション,368.78㎡,京都府,京都府京都市伏見区深草善導寺町,専任,"17,500万円","17,500",17000,一住,588.06㎡,,公開中,一方,近鉄京都線 伏見,徒歩 2分,-,セレクトプラン,1986年（昭和61年）10月,075-748-8491,,250615
27,1.00135E+11,,アパート,998.40㎡,富山県,富山県富山市黒瀬,一般,"6,500万円","6,500",6000,-,484.42㎡,ヴィラエテルネ黒瀬Ｄ棟・Ｅ棟,-,一方,,,西4m,テックプロパティジャパン（株）,2004年（平成16年） 2月,03-6843-1838,,250615
28,1.00106E+11,,アパート,"1,047.00㎡",栃木県,栃木県栃木市大森町,"一般
オーナーチェンジ","14,000万円","14,000",14000,一住,70.06㎡,ウィステリア,-,三方,東武日光線 合戦場,徒歩 62分,東6m,とちぎ未来開発（株）,2018年（平成30年） 2月,0282-24-5687,,250615
29,1.00135E+11,,アパート,53.73㎡,東京都,東京都大田区大森南２丁目,"売主
オーナーチェンジ","1,800万円","1,800",1000,-,58.66㎡,宗像荘,-,一方,京急空港線 大鳥居,徒歩 20分,-,トライフ（株）,1977年（昭和52年） 1月,03-3762-8945,,250615
30,2.00132E+11,,アパート,500.02㎡,静岡県,静岡県伊東市八幡野,売主,"1,480万円","1,480",1000,定めなし,110.96㎡,,-,角地,伊豆急 伊豆高原,徒歩 15分,北5m,ハートランド（株）,1998年（平成10年） 9月,0557-51-0020,,250615
31,4.00131E+11,,アパート,"1,510.46㎡",福岡県,福岡県柳川市大和町栄,"専任
オーナーチェンジ","9,000万円","9,000",9000,定めなし,568.64㎡,ＢＯＮＨＥＵＲ ＳＡＫＵＲＡ,公開中,-,西鉄大牟田 塩塚,徒歩 23分,東4.7m,ハウスプラザ（株）,2010年（平成22年） 4月,092-874-0323,,250615
32,1.00134E+11,,アパート,164.99㎡,埼玉県,埼玉県さいたま市桜区大字大久保領家,"専任
オーナーチェンジ","4,980万円","4,980",4000,一住,163.08㎡,ソレジオＮ,申込あり,一方,埼京線 南与野,停歩 9分/バス 15分,北4m,パナソニックホームズ不動産（株） 関東住宅流通センター,2004年（平成16年） 1月,9042762599,,250615
33,3.00129E+11,,マンション,206.53㎡,兵庫県,兵庫県尼崎市水堂町２丁目,一般,"6,500万円","6,500",6000,二中,340.20㎡,パルテール立花,-,-,東海道線 立花,徒歩 15分,-,ビーバーホーム（株）,1976年（昭和51年） 8月,06-4950-7567,,250615
34,2.00134E+11,,アパート,248.95㎡,岐阜県,岐阜県岐阜市加納栄町通７丁目,"一般
オーナーチェンジ","6,200万円","6,200",6000,近商,453.11㎡,コーポ加納Ａ棟・コーポ加納Ｂ棟,-,-,東海道線 岐阜,徒歩 13分,北5m,ビジネスサポートコンサルティング（株）,1983年（昭和58年） 4月,052-253-6810,,250615
35,1.00135E+11,,アパート,102.49㎡,東京都,東京都練馬区春日町４丁目,"一般
オーナーチェンジ","3,500万円","3,500",3000,一低,114.61㎡,春日町４丁目アパート,-,一方,大江戸線 練馬春日町,徒歩 7分,北2.7m,フォーラム・ネットワーク（株）,1976年（昭和51年）10月,8041628887,,250615
36,1.00134E+11,,アパート,108.41㎡,東京都,東京都練馬区下石神井３丁目,"代理
オーナーチェンジ","15,800万円","15,800",15000,一中,230.52㎡,ロアジス下石神井,-,角地,西武新宿線 上井草,徒歩 14分,南6m,ベリタス（株）,2025年（令和 7年） 5月,5017206412,,250615
37,2.00134E+11,,アパート,411.39㎡,静岡県,静岡県富士市今泉,"専属
オーナーチェンジ","2,570万円","2,570",2000,二中,283.33㎡,,公開中,三方,岳南電車 本吉原,徒歩 26分,北,ボンズ不動産（株）,1984年（昭和59年） 1月,054-292-7292,,250615
38,1.00133E+11,,マンション,176.52㎡,神奈川県,神奈川県川崎市幸区古川町,"専任
オーナーチェンジ","14,300万円","14,300",14000,一中,282.12㎡,コスモ矢向,公開中,一方,南武線 矢向,徒歩 9分,-,マジュニア（株） 広尾不動産,1988年（昭和63年） 1月,9060429895,,250615
39,1.00134E+11,,アパート,502.60㎡,愛知県,愛知県日進市浅田平子３丁目,一般,"11,000万円","11,000",11000,一低,396.60㎡,,-,一方,豊田線 赤池,徒歩 21分,北16m,マジュニア（株） 広尾不動産,1991年（平成 3年） 4月,9060429895,,250615
40,2.00135E+11,,アパート,340.49㎡,愛知県,愛知県豊橋市老津町字大津中,一般,"3,950万円","3,950",3000,定めなし,197.49㎡,,-,一方,豊橋鉄道線 老津,徒歩 9分,南東4m,まちなか不動産（株）,2014年（平成26年） 8月,0532-39-9711,,250615
41,1.00134E+11,,アパート,394.51㎡,山形県,山形県東根市温泉町１丁目,売主,"2,480万円","2,480",2000,商業,513.41㎡,東根市温泉町１丁目１４－１４ ハートフルハウスＢ,-,二方,奥羽線 東根,停歩 6分/バス 3分,東4.2m,みずほ開発（有）,1997年（平成 9年）11月,023-658-3240,,250615
42,1.00133E+11,,マンション,119.00㎡,神奈川県,神奈川県川崎市幸区大宮町,"専任
オーナーチェンジ","20,000万円","20,000",20000,商業,202.08㎡,,公開中,一方,京浜東北線 川崎,徒歩 5分,-,ミューザハウス,2005年（平成17年） 2月,044-555-5588,,250615
43,1.00135E+11,,アパート,106.36㎡,東京都府,東京都府中市住吉町２丁目,"専任
オーナーチェンジ","7,050万円","7,050",7000,一中,113.40㎡,モアクレスト,公開中,一方,京王線 中河原,徒歩 8分,北東3.9m,リアルエステート・Ｍ＆Ａワークス（株）,1991年（平成 3年）12月,080-1251-3606,,250615
44,1.00135E+11,,マンション,121.45㎡,神奈川県,神奈川県川崎市川崎区宮本町,"一般
オーナーチェンジ","27,000万円","27,000",27000,商業,346.64㎡,宮本町一棟売マンション,-,一方,東海道線 川崎,徒歩 5分,北東6m,ロイヤルハウジング販売（株） 月島キャピタルゲート店,2007年（平成19年） 2月,03-3536-2311,,250615
45,1.00134E+11,,アパート,200.68㎡,埼玉県,埼玉県草加市瀬崎７丁目,"専任
オーナーチェンジ","4,900万円","4,900",4000,一住,185.12㎡,辰巳荘,公開中,一方,伊勢崎線 谷塚,徒歩 15分,西15m,㈲石田商事,1978年（昭和53年） 6月,048-927-6601,,250615
46,2.00134E+11,,アパート,599.49㎡,愛知県,愛知県知多郡美浜町大字奥田字石亀,"専任
オーナーチェンジ","5,300万円","5,300",5000,一住,435.73㎡,ウイング,公開中,一方,知多新線 美浜緑苑,徒歩 13分,北1.5m,㈱Ｓ－ｐｏｉｎｔ,2005年（平成17年）月不詳,052-486-1717,,250615
47,2.0013E+11,,マンション,457.34㎡,愛知県,愛知県名古屋市中川区戸田１丁目,"専任
オーナーチェンジ","11,500万円","11,500",11000,一住,844.40㎡,アーバンホームワン,公開中,角地,関西線 春田,徒歩 9分,北3.6m,㈱Ｓ－ｐｏｉｎｔ,1988年（昭和63年）10月,052-486-1717,,250615
48,1.00135E+11,,マンション,264.45㎡,埼玉県,埼玉県入間郡毛呂山町岩井西１丁目,"売主
オーナーチェンジ","6,280万円","6,280",6000,一住,467.78㎡,ドミ・ジュネス,-,角地,東武越生線 東毛呂,徒歩 5分,-,㈱アイムホーム,1986年（昭和61年）11月,042-985-1641,,250615
49,1.00135E+11,,アパート,249.00㎡,千葉県,千葉県市原市古市場,一般,"10,600万円","10,600",10000,一住,271.90㎡,,-,-,内房線 浜野,徒歩 20分,-,㈱クリスティ,2024年（令和 6年） 7月,8041128899,,250615
50,1.00135E+11,,アパート,"1,004.00㎡",埼玉県,埼玉県朝霞市幸町１丁目,"専任
オーナーチェンジ","23,800万円","23,800",23000,一中,174.52㎡,メゾンマスダ３棟 （同建物が３棟）,公開中,二方,東武東上線 朝霞,徒歩 18分,北西4.6m,㈱ココ・エステート,1991年（平成 3年） 5月,048-452-7722,,250615
51,1.00135E+11,,アパート,218.68㎡,千葉県,千葉県松戸市新作,専任,"7,150万円","7,150",7000,一住,199.22㎡,公開中,角地,常磐緩行線 馬橋,徒歩 8分,北4.3m,㈱中央住宅 ポラス住まいの情報館 蒲生営業所,1992年（平成 4年） 3月,048-985-1211,,,250615
52,1.00134E+11,,アパート,285.00㎡,岐阜県,岐阜県岐阜市長良福江町１丁目,売主,"5,095万円","5,095",5000,二住,209.92㎡,-,一方,名鉄本線 名鉄岐阜,車 5.5km,南,一建設（株） 池袋本社,2024年（令和 6年） 5月,052-935-5581,リーブルファイン岐阜市長良福江町１丁目,,250615
53,2.00122E+11,,アパート,639.73㎡,愛知県,愛知県知多郡南知多町大字大井字西園,"専任
オーナーチェンジ","3,100万円","3,100",3000,二中,409.20㎡,公開中,一方,河和線 河和,停歩 6分/バス 17分,北6m,三井不動産リアルティ㈱三井のリハウス大府センター,1994年（平成 6年） 1月,0562-44-5131,知多郡南知多町大字大井字西園,,250615
54,4.00131E+11,,アパート,379.39㎡,福岡県,福岡県福岡市東区舞松原２丁目,"専任
オーナーチェンジ","8,100万円","8,100",8000,一低,123.38㎡,公開中,一方,鹿児島線 千早,徒歩 13分,南東4.5m,三井不動産リアルティ九州（株）千早香椎センター,2004年（平成16年） 9月,092-674-3231,タウンコート舞松原,,250615
55,1.00134E+11,,アパート,389.19㎡,宮城県,宮城県仙台市青葉区土樋１丁目,"一般
オーナーチェンジ","14,000万円","14,000",14000,二住,177.34㎡,-,一方,仙台南北線 愛宕橋,徒歩 6分,西4m,三井不動産リアルティ東北（株）三井のリハウス仙台センター,2005年（平成17年） 1月,022-261-3131,ベルハイツ広瀬川,,250615
56,3.00134E+11,,アパート,163.04㎡,兵庫県,兵庫県西宮市甲子園町,"一般
オーナーチェンジ","6,200万円","6,200",6000,近商,300.41㎡,-,一方,阪神本線 甲子園,徒歩 9分,南西3.7m,三井不動産リアルティ（株）三井のリハウス芦屋センター,1977年（昭和52年）12月,0797-32-3822,サニーサイド甲子園,,250615
57,1.00134E+11,,アパート,244.42㎡,神奈川県,神奈川県横浜市旭区白根６丁目,専任,"4,480万円","4,480",4000,一低,170.28㎡,公開中,-,相鉄線 鶴ケ峰,徒歩 18分,-,三井不動産リアルティ（株）横浜支店リテール資産営業部 営業グループ１,1988年（昭和63年） 5月,045-517-9412,スターハイツ,,250615
58,1.00133E+11,,アパート,218.32㎡,神奈川県,神奈川県横浜市鶴見区上の宮２丁目,"専任
オーナーチェンジ","12,800万円","12,800",12000,一低,193.90㎡,公開中,-,東横線 菊名,徒歩 9分,-,三井不動産リアルティ（株）横浜支店リテール資産営業部 営業グループ１,2021年（令和 3年） 2月,045-517-9412,Ｓｔｙｌｅ菊名,,250615
59,1.00134E+11,,アパート,154.38㎡,東京都,東京都杉並区下井草１丁目,"専任
オーナーチェンジ","7,950万円","7,950",7000,一低,178.54㎡,申込あり,一方,総武中央線 阿佐ケ谷,徒歩 17分,北4m,三井不動産リアルティ（株）資産営業部 営業グループ２,1977年（昭和52年） 1月,03-6758-4165,ヴィラスイーツ,,250615
60,1.00131E+11,,アパート,191.21㎡,東京都,東京都足立区西新井４丁目,"専任
オーナーチェンジ","6,480万円","6,480",6000,一中,185.08㎡,申込あり,角地,日暮里舎人 谷在家,徒歩 6分,東11.3m,三井不動産リアルティ（株）資産営業部 営業グループ３,1971年（昭和46年） 6月,03-6758-4167,足立区西新井４丁目 一棟アパート,,250615
61,1.00135E+11,,マンション,392.51㎡,東京都,東京都江戸川区篠崎町６丁目,"専任
オーナーチェンジ","21,800万円","21,800",21000,一中,495.73㎡,公開中,一方,都営新宿線 篠崎,徒歩 10分,南東7.9m,三井不動産リアルティ（株）資産営業部 営業グループ３,1995年（平成 7年） 9月,03-6758-4167,シャーブルック篠崎,,250615
62,1.00134E+11,,アパート,233.75㎡,神奈川県,神奈川県相模原市中央区星が丘２丁目,"一般
オーナーチェンジ","10,500万円","10,500",10000,一中,510.98㎡,-,一方,相模線 上溝,徒歩 17分,北6m,三井住友トラスト不動産（株） 町田センター,1991年（平成 3年） 8月,042-721-3171,,,250615
63,1.00135E+11,,アパート,182.03㎡,東京都,東京都国分寺市本多４丁目,専任,"9,500万円","9,500",9000,一低,170.10㎡,公開中,二方,国分寺線 国分寺,徒歩 15分,-,三菱地所ハウスネット（株） 文京春日営業所,1993年（平成 5年） 2月,03-3868-6510,国分寺市本多４丁目 土地建物,,250615
64,1.00134E+11,,マンション,120.95㎡,東京都,東京都練馬区豊玉中１丁目,"専属
オーナーチェンジ","11,420万円","11,420",11000,一中,158.41㎡,公開中,一方,西武新宿線 沼袋,徒歩 14分,北東5.9m,丸ノ内不動産（株）,1989年（平成 1年） 6月,03-6379-1770,,,250615
65,1.00134E+11,,アパート,83.85㎡,東京都,東京都練馬区南大泉４丁目,"専任
オーナーチェンジ","7,460万円","7,460",7000,近商,152.26㎡,申込あり,一方,西武池袋線 保谷,徒歩 5分,北4m,住友不動産ステップ（株） 東京コンサルティング,1988年（昭和63年） 3月,03-6400-3430,練馬区南大泉４丁目１棟マンション,,250615
66,1.00135E+11,,アパート,322.44㎡,東京都,東京都板橋区富士見町,"一般
オーナーチェンジ","30,000万円","30,000",30000,準工,186.28㎡,-,角地,都営三田線 板橋本町,徒歩 6分,北3.4m,住友不動産ステップ（株） 東京コンサルティング,1986年（昭和61年） 3月,03-6400-3430,ソレイユ富士見Ａ、ソレイユ富士見Ｂ,,250615
67,2.00135E+11,,アパート,343.43㎡,愛知県,愛知県名古屋市西区上名古屋３丁目,"専任
オーナーチェンジ","11,000万円","11,000",11000,準工,468.57㎡,公開中,一方,鶴舞線 浄心,徒歩 5分,南7.2m,住友不動産ステップ（株） 名古屋営業センター,1976年（昭和51年） 6月,050-3112-7285,双葉ハイツ,,250615
68,3.00134E+11,,マンション,103.58㎡,大阪府,大阪府大阪市平野区平野市町３丁目,"一般
オーナーチェンジ","21,000万円","21,000",21000,商業,360.88㎡,-,一方,関西線 平野,徒歩 12分,南20m,住友不動産ステップ（株） 阿倍野営業センター,2021年（令和 3年）11月,050-3112-8268,カローレ平野市町,,250615
69,3.00134E+11,,マンション,158.69㎡,兵庫県,兵庫県神戸市須磨区稲葉町１丁目,"専任
オーナーチェンジ","5,800万円","5,800",5000,一住,585.83㎡,公開中,角地,山陽線 須磨海浜公園,徒歩 6分,南15m,住友不動産ステップ（株） 神戸統括事業所 １課,1972年（昭和47年）11月,050-3112-8242,神戸市須磨区稲葉町１丁目 一棟マンション,,250615
70,2.00134E+11,,アパート,126.50㎡,愛知県,愛知県名古屋市熱田区二番２丁目,"専任
オーナーチェンジ","7,300万円","7,300",7000,一住,197.82㎡,公開中,一方,名港線 六番町,徒歩 8分,西2.7m,住友不動産ステップ（株） 名古屋営業センター,2018年（平成30年） 6月,050-3112-7285,ハーモニーテラス二番Ⅶ,,250615
71,1.00135E+11,,アパート,239.19㎡,北海道,北海道札幌市豊平区平岸一条６丁目,"専任
オーナーチェンジ","5,580万円","5,580",5000,一住,417.29㎡,公開中,一方,地下南北線 平岸,徒歩 7分,東8m,住友不動産ステップ（株） 札幌豊平営業センター,1985年（昭和60年） 8月,050-3112-7268,第２マンションポプラ,,250615
72,1.00133E+11,,アパート,173.53㎡,北海道,北海道札幌市北区北三十七条西３丁目,"専任
オーナーチェンジ","2,990万円","2,990",2000,一住,194.30㎡,公開中,一方,地下南北線 麻生,徒歩 5分,北6m,住友不動産ステップ（株） 札幌中央営業センター,1976年（昭和51年） 7月,050-3112-7265,すみれマンション,,250615
73,1.00132E+11,,アパート,161.19㎡,北海道,北海道札幌市白石区東札幌二条４丁目,"一般
オーナーチェンジ","4,000万円","4,000",4000,一住,266.74㎡,-,一方,地下東西線 東札幌,徒歩 9分,北東6m,住友不動産ステップ（株） 札幌中央営業センター,1990年（平成 2年） 5月,050-3112-7265,コンフォール東札幌,,250615
74,3.00134E+11,,アパート,"1,227.33㎡",滋賀県,滋賀県東近江市五個荘山本町,"専任
オーナーチェンジ","4,990万円","4,990",4000,定めなし,476.28㎡,公開中,一方,近江鉄道本線 河辺の森,徒歩 23分,南東2.4m,住友不動産ステップ（株） 大津営業センター,1988年（昭和63年） 3月,050-3112-7271,コーポやまもと,,250615
75,1.00134E+11,,マンション,281.07㎡,東京都,東京都墨田区東向島３丁目,"専属
オーナーチェンジ","26,700万円","26,700",26000,近商,758.79㎡,申込あり,一方,伊勢崎線 東向島,徒歩 8分,北7.8m,住友不動産ステップ（株） 錦糸町営業センター,1990年（平成 2年） 8月,050-3112-8317,墨田区東向島３丁目一棟マンション,,250615
76,1.00135E+11,,アパート,142.14㎡,東京都,東京都清瀬市元町２丁目,"専属
オーナーチェンジ","9,800万円","9,800",9000,近商,168.48㎡,公開中,一方,西武池袋線 清瀬,徒歩 8分,南東5.6m,住友不動産ステップ（株） 吉祥寺第１営業センター,1990年（平成 2年） 5月,050-3112-9779,清瀬市元町２丁目一棟アパート,,250615
77,1.00135E+11,,アパート,239.53㎡,東京都,東京都日野市東豊田３丁目,"専属
オーナーチェンジ","6,880万円","6,880",6000,一低,162.16㎡,公開中,一方,中央線 豊田,徒歩 11分,北東17m,住友不動産ステップ（株） 国立営業センター,1997年（平成 9年）11月,050-3112-9782,ミモザハウス,,250615
78,1.00135E+11,,アパート,163.47㎡,東京都,東京都練馬区早宮１丁目,"一般
オーナーチェンジ","18,200万円","18,200",18000,近商,249.00㎡,-,角地,有楽町線 氷川台,徒歩 12分,南東8m,住友不動産ステップ（株） 練馬営業センター,2016年（平成28年）12月,050-3112-8314,クリエスト,,250615
79,1.00135E+11,,マンション,140.19㎡,東京都,東京都立川市錦町１丁目,"一般
オーナーチェンジ","12,300万円","12,300",12000,商業,305.43㎡,-,一方,中央線 立川,徒歩 10分,南東5m,住友不動産ステップ（株） 立川営業センター,1986年（昭和61年） 8月,050-3112-9790,立川市錦町１丁目１棟マンション,,250615
80,4.00134E+11,,アパート,332.10㎡,広島県,広島県廿日市市阿品３丁目,"専任
オーナーチェンジ","15,000万円","15,000",15000,一低,262.12㎡,公開中,一方,広電宮島線 広電阿品,徒歩 7分,南西5.8m,住友不動産ステップ（株） 五日市営業センター,2018年（平成30年） 7月,050-3112-7255,廿日市市阿品３丁目アパート,,250615
81,2.00134E+11,,マンション,152.06㎡,愛知県,愛知県名古屋市昭和区安田通５丁目,"専任
オーナーチェンジ","10,100万円","10,100",10000,近商,403.42㎡,申込あり,角地,鶴舞線 川名,徒歩 8分,北東24.5m,住友不動産ステップ（株） 本山営業センター,1990年（平成 2年） 9月,050-3112-7284,プレアール名古屋安田通,,250615
82,2.00135E+11,,アパート,767.64㎡,愛知県,愛知県小牧市大字北外山,専任,"9,990万円","9,990",9000,一住,178.86㎡,申込あり,角地,小牧線 間内,徒歩 6分,南7.9m,住友不動産ステップ（株） 春日井営業センター,2002年（平成14年） 4月,050-3112-7279,ｃａｓａ ｖｅｒｄｅ Ａ・Ｂ,,250615
83,1.00135E+11,,アパート,317.35㎡,宮城県,宮城県仙台市青葉区旭ケ丘３丁目,"専任
オーナーチェンジ","6,000万円","6,000",6000,一低,216.66㎡,公開中,一方,仙台南北線 旭ヶ丘,徒歩 6分,北4m,住友不動産ステップ（株） 仙台上杉営業センター,1990年（平成 2年） 9月,050-3112-9879,リベラルハイツ,,250615
84,1.00134E+11,,アパート,221.00㎡,北海道,北海道札幌市手稲区西宮の沢五条２丁目,"専任
オーナーチェンジ","3,280万円","3,280",3000,一住,383.89㎡,公開中,一方,地下東西線 宮の沢,停歩 7分/バス 12分,南東8m,住友不動産ステップ（株） 札幌白石営業センター,1991年（平成 3年） 8月,050-3112-7267,手稲区西宮の沢５条２丁目共同住宅,,250615
85,1.00135E+11,,アパート,264.46㎡,北海道,北海道札幌市東区北四十三条東６丁目,"専任
オーナーチェンジ","3,680万円","3,680",3000,一低,334.28㎡,公開中,一方,地下東豊線 栄町,徒歩 15分,北東7.2m,住友不動産ステップ（株） 札幌東営業センター,2001年（平成13年） 8月,050-3112-7266,ソルトケープ,,250615
86,4.00134E+11,,アパート,785.00㎡,岡山県,岡山県岡山市北区東古松４丁目,"専任
オーナーチェンジ","12,550万円","12,550",12000,近商,364.32㎡,公開中,一方,宇野線 大元,徒歩 9分,西6m,住友不動産ステップ（株） 岡山第１営業センター,1977年（昭和52年） 5月,050-3112-7249,三好アパート,,250615
87,4.00131E+11,,アパート,433.05㎡,広島県,広島県広島市南区霞２丁目,"一般
オーナーチェンジ","12,000万円","12,000",12000,一住,737.45㎡,-,二方,広電皆実線 南区役所前,停歩 4分/バス 5分,北西4.4m,住友不動産ステップ（株） 広島営業センター,1974年（昭和49年） 3月,050-3112-7257,南区霞２丁目一棟マンション,,250615
88,2.00133E+11,,マンション,413.89㎡,愛知県,愛知県名古屋市天白区中平３丁目,"専任
オーナーチェンジ","7,760万円","7,760",7000,二住,509.15㎡,申込あり,二方,鶴舞線 平針,徒歩 13分,北8m,住友不動産ステップ（株） 藤が丘営業センター,1989年（平成 1年） 7月,050-3112-8223,アベニュー中平,,250615
89,1.00134E+11,,アパート,425.78㎡,宮城県,宮城県仙台市泉区長命ケ丘２丁目,"専任
オーナーチェンジ","3,000万円","3,000",3000,一住,315.62㎡,申込あり,角地,仙台南北線 八乙女,停歩 2分/バス 13分,北東6.2m,住友不動産ステップ（株） 仙台上杉営業センター,1986年（昭和61年）11月,050-3112-9879,サンハイツＡ,,250615
90,3.00135E+11,,アパート,347.00㎡,京都府,京都府京都市中京区壬生馬場町,"専属
オーナーチェンジ","14,800万円","14,800",14000,近商,357.72㎡,申込あり,一方,阪急京都線 大宮,徒歩 6分,西1.8m,住友不動産ステップ（株） 京都営業センター,2007年（平成19年） 5月,050-3112-8228,京都市中京区壬生馬場町 一棟アパート,,250615
91,3.00135E+11,,マンション,104.30㎡,兵庫県,兵庫県神戸市灘区高徳町５丁目,"専任
オーナーチェンジ","3,580万円","3,580",3000,一中,234.85㎡,申込あり,一方,東海道線 六甲道,徒歩 7分,西6.1m,住友不動産ステップ（株） 神戸統括事業所 １課,1965年（昭和40年） 6月,050-3112-8242,神戸市灘区高徳町５丁目一棟収益,,250615
92,3.00134E+11,,アパート,836.62㎡,滋賀県,滋賀県近江八幡市十王町,"一般
オーナーチェンジ","9,500万円","9,500",9000,一住,447.16㎡,-,一方,東海道線 近江八幡,停歩 10分/バス 16分,北東4.9m,住友不動産ステップ（株） 大津営業センター,2017年（平成29年） 2月,050-3112-7271,ブリーゼメゾン,,250615
93,1.00134E+11,,アパート,198.33㎡,千葉県,千葉県千葉市花見川区幕張町３丁目,"一般
オーナーチェンジ","15,200万円","15,200",15000,一住,274.29㎡,-,一方,総武中央線 幕張,徒歩 9分,北東3.6m,住友不動産ステップ（株） 稲毛営業センター,2018年（平成30年） 3月,050-3112-8285,千葉市花見川区幕張町３丁目一棟アパート,,250615
94,1.00134E+11,,アパート,106.65㎡,神奈川県,神奈川県茅ヶ崎市南湖４丁目,"専任
オーナーチェンジ","3,350万円","3,350",3000,一低,103.96㎡,申込あり,一方,東海道線 茅ケ崎,徒歩 23分,南4m,住友不動産ステップ（株） 金沢文庫営業センター,1990年（平成 2年） 9月,050-3112-8329,サザンビーチテラス,,250615
95,1.00134E+11,,アパート,250.99㎡,東京都,東京都武蔵野市中町３丁目,"専任
オーナーチェンジ","13,600万円","13,600",13000,一住,274.55㎡,公開中,一方,中央線 三鷹,徒歩 15分,北東4.1m,住友不動産ステップ（株） 吉祥寺第２営業センター,1986年（昭和61年）11月,050-3112-9789,武蔵野市中町３丁目アパート,,250615
96,1.00134E+11,,アパート,89.19㎡,東京都,東京都新宿区西早稲田３丁目,"専属
オーナーチェンジ","9,500万円","9,500",9000,一中,94.39㎡,申込あり,一方,副都心線 西早稲田,徒歩 6分,東3.4m,住友不動産ステップ（株） 本社投資第１営業センター,築年不詳,050-3176-4436,スカイハウス,,250615
97,1.00135E+11,,アパート,418.87㎡,埼玉県,埼玉県さいたま市大宮区堀の内町１丁目,"専任
オーナーチェンジ","10,500万円","10,500",10000,一住,445.52㎡,申込あり,二方,京浜東北線 大宮,徒歩 20分,南東8m,住友不動産ステップ（株） 大宮営業センター,1973年（昭和48年） 9月,050-3112-8291,さいたま市大宮区堀の内１丁目一棟アパート,,250615
98,1.00135E+11,,アパート,103.77㎡,神奈川県,神奈川県横浜市西区浅間台,"専任
オーナーチェンジ","3,980万円","3,980",3000,一低,99.90㎡,公開中,角地,横浜ブルー 横浜,徒歩 17分,南東3.4m,住友不動産ステップ（株） 横浜第１営業センター,1975年（昭和50年） 6月,050-3112-8320,横浜市西区浅間台１棟アパート,,250615
99,1.00135E+11,,アパート,151.68㎡,神奈川県,神奈川県藤沢市大鋸１丁目,"専任
オーナーチェンジ","10,380万円","10,380",10000,一住,136.41㎡,公開中,一方,東海道線 藤沢,徒歩 12分,南4.2m,住友不動産ステップ（株） 本社統括事業所 ３課,2022年（令和 4年） 1月,050-3112-9916,藤沢市大鋸１丁目アパ―ト,,250615
100,1.00135E+11,,アパート,228.91㎡,東京都,東京都小平市鈴木町１丁目,"一般
オーナーチェンジ","6,340万円","6,340",6000,一低,157.88㎡,-,一方,中央線 武蔵小金井,停歩 6分/バス 15分,東4m,住友不動産ステップ（株） 武蔵小金井営業センター,2009年（平成21年） 6月,050-3112-9783,エーデルハイム小平,,250615
101,1.00134E+11,,アパート,312.54㎡,東京都,東京都葛飾区高砂３丁目,"一般
オーナーチェンジ","27,000万円","27,000",27000,一中,498.24㎡,マハロ高砂,-,角地,京成本線 京成高砂,徒歩 7分,北5.4m,住友不動産ステップ（株） 新小岩営業センター,2008年（平成20年） 2月,050-3112-8309,,250615
102,1.00135E+11,,アパート,65.05㎡,神奈川県,神奈川県川崎市幸区塚越３丁目,"専任
オーナーチェンジ","3,980万円","3,980",3000,準工,68.58㎡,川崎市幸区塚越３丁目アパート,申込あり,一方,南武線 矢向,徒歩 3分,北3.6m,住友不動産ステップ（株） 川崎営業センター,1992年（平成 4年） 3月,050-3112-9758,,250615
103,1.00134E+11,,アパート,92.69㎡,神奈川県,神奈川県横浜市鶴見区矢向５丁目,"専任
オーナーチェンジ","3,980万円","3,980",3000,近商,118.16㎡,武田荘,申込あり,一方,南武線 矢向,徒歩 4分,西2.5m,住友不動産ステップ（株） 川崎営業センター,1980年（昭和55年） 1月,050-3112-9758,,250615
104,1.00134E+11,,アパート,244.46㎡,東京都,東京都足立区本木１丁目,"専任
オーナーチェンジ","10,800万円","10,800",10000,準工,218.16㎡,足立区本木１丁目一棟アパート,公開中,-,日暮里舎人 扇大橋,徒歩 19分,-,住友不動産ステップ（株） 北千住第１営業センター,1993年（平成 5年） 9月,050-3112-8307,,250615
105,1.00134E+11,,アパート,615.61㎡,神奈川県,神奈川県相模原市南区新磯野３丁目,"専属
オーナーチェンジ","16,500万円","16,500",16000,一中,467.64㎡,パープルツインズＡ棟・Ｂ棟,公開中,角地,小田急線 相武台前,徒歩 13分,北西6m,住友不動産ステップ（株） 相模大野営業センター,1996年（平成 8年） 7月,050-3112-9775,,250615
106,1.00131E+11,,マンション,101.46㎡,東京都,東京都墨田区本所４丁目,"専属
オーナーチェンジ","24,800万円","24,800",24000,商業,495.21㎡,墨田区本所４丁目一棟マンション,申込あり,一方,都営浅草線 本所吾妻橋,徒歩 8分,西22m,住友不動産ステップ（株） 錦糸町営業センター,1989年（平成 1年） 9月,050-3112-8317,,250615
107,1.00134E+11,,アパート,195.03㎡,神奈川県,神奈川県横浜市港南区港南１丁目,"専任
オーナーチェンジ","4,470万円","4,470",4000,一中,185.48㎡,横浜市港南区港南１丁目アパート,申込あり,三方,横浜ブルー 港南中央,徒歩 8分,南4m,住友不動産ステップ（株） 上大岡営業センター,1983年（昭和58年） 4月,050-3112-8333,,250615
108,1.00131E+11,,アパート,69.04㎡,東京都,東京都新宿区高田馬場２丁目,"専任
オーナーチェンジ","7,500万円","7,500",7000,準工,92.57㎡,セレスティアル,申込あり,一方,東西線 高田馬場,徒歩 6分,北西4m,住友不動産ステップ（株） 本社統括事業所 ２課,2017年（平成29年） 6月,050-3112-9915,,250615
109,1.00134E+11,,アパート,85.96㎡,東京都,東京都目黒区鷹番３丁目,"専任
オーナーチェンジ","19,000万円","19,000",19000,二中,80.46㎡,クラスカアパートメント２号館,公開中,一方,東横線 学芸大学,徒歩 3分,北2.8m,住友不動産ステップ（株） 二子玉川営業センター,1974年（昭和49年） 3月,050-3112-9816,,250615
110,1.00132E+11,,アパート,133.73㎡,東京都,東京都渋谷区恵比寿３丁目,"専任
オーナーチェンジ","2,560万円","2,560",2000,一低,129.60㎡,古川荘,申込あり,-,山手線 恵比寿,徒歩 12分,-,住友不動産ステップ（株） 渋谷第２営業センター,1969年（昭和44年） 9月,050-3112-9803,,250615
111,1.00134E+11,,アパート,106.00㎡,神奈川県,神奈川県横浜市中区妙香寺台,"専任
オーナーチェンジ","3,980万円","3,980",3000,一中,102.68㎡,ヒルサイド横浜山手,公開中,二方,京浜東北線 山手,徒歩 13分,南西1.6m,住友不動産ステップ（株） 川崎営業センター,1972年（昭和47年）11月,050-3112-9758,,250615
112,1.00134E+11,,アパート,183.45㎡,埼玉県,埼玉県戸田市本町４丁目,"専任
オーナーチェンジ","13,500万円","13,500",13000,一住,243.45㎡,レオパレスウィングトダパーク,公開中,角地,埼京線 戸田公園,徒歩 6分,北東9m,住友不動産ステップ（株） 小石川営業センター,2005年（平成17年） 1月,050-3112-9812,,250615
113,1.00135E+11,,アパート,438.44㎡,神奈川県,神奈川県横浜市神奈川区立町,"一般
オーナーチェンジ","14,900万円","14,900",14000,二中,324.32㎡,横浜市神奈川区立町アパート３棟,-,一方,京浜東北線 東神奈川,徒歩 8分,南6m,住友不動産ステップ（株） 二俣川営業センター,1987年（昭和62年） 1月,050-3112-8328,,250615
114,1.00135E+11,,アパート,206.58㎡,神奈川県,神奈川県横浜市泉区上飯田町,"専属
オーナーチェンジ","4,570万円","4,570",4000,一低,179.69㎡,横浜市泉区上飯田町一棟アパート,公開中,角地,いずみ野線 いずみ中央,徒歩 10分,南4m,住友不動産ステップ（株） 湘南台営業センター,2001年（平成13年） 2月,050-3112-9760,,250615
115,1.00135E+11,,アパート,92.35㎡,東京都,東京都北区中里３丁目,"専任
オーナーチェンジ","9,000万円","9,000",9000,一中,90.12㎡,北区中里３丁目一棟アパート,公開中,一方,山手線 駒込,徒歩 10分,北東4m,住友不動産ステップ（株） 荻窪営業センター,1987年（昭和62年） 3月,050-3112-9806,,250615
116,1.00133E+11,,アパート,160.49㎡,北海道,北海道札幌市豊平区平岸六条１２丁目,"売主
オーナーチェンジ","3,420万円","3,420",3000,一中,283.48㎡,Ａｒｖｉｔａ平岸（アルヴィータヒラギシ）,-,角地,地下南北線 南平岸,徒歩 12分,北8m,信託ホーム（株）,1995年（平成 7年）11月,011-858-5555,,250615
117,1.00135E+11,,アパート,438.59㎡,千葉県,千葉県市川市柏井町２丁目,"一般
オーナーチェンジ","7,845万円","7,845",7000,一低,422.46㎡,サンライズ柏井,-,二方,武蔵野線 船橋法典,徒歩 17分,南西4.1m,優アップエステート（株）,1992年（平成 4年） 3月,473148720,,250615
118,2.00134E+11,,マンション,"1,632.97㎡",富山県,富山県下新川郡入善町上飯野,一般,"15,000万円","15,000",15000,定めなし,760.50㎡,グリーンワールド,-,一方,とやま鉄道 西入善,徒歩 44分,東19.8m,光陽興産（株）富山店,2006年（平成18年） 9月,120407088,,250615
119,2.00134E+11,,アパート,"2,191.73㎡",富山県,富山県高岡市下牧野,一般,"8,650万円","8,650",8000,一中,"1,013.18㎡",アネックス,-,角地,万葉線 庄川口,徒歩 9分,北4.7m,光陽興産（株）富山店,2006年（平成18年） 2月,120407088,,250615
120,2.00134E+11,,アパート,687.57㎡,富山県,富山県富山市羽根,一般,"7,330万円","7,330",7000,二中,428.50㎡,エクセルヒルズＣ棟,-,一方,高山線 婦中鵜坂,徒歩 24分,西6.2m,光陽興産（株）富山店,2007年（平成19年） 7月,120407088,,250615
121,2.00134E+11,,アパート,370.00㎡,富山県,富山県射水市南太閤山７丁目,一般,"5,760万円","5,760",5000,準工,269.88㎡,ＲＥＶＥ,-,一方,とやま鉄道 小杉,徒歩 36分,南6m,光陽興産（株）富山店,2013年（平成25年） 1月,120407088,,250615
122,2.00134E+11,,アパート,"1,258.20㎡",富山県,富山県富山市千原崎１丁目,一般,"11,420万円","11,420",11000,準工,551.08㎡,ネニュファール,-,一方,富山港線 蓮町（馬場記念公園）,徒歩 10分,東5.5m,光陽興産（株）富山店,2017年（平成29年） 6月,120407088,,250615
123,2.00134E+11,,アパート,"1,380.89㎡",富山県,富山県富山市婦中町速星,一般,"13,960万円","13,960",13000,近商,434.00㎡,アマンド・ノアゼット,-,一方,高山線 速星,徒歩 2分,北4m,光陽興産（株）富山店,2004年（平成16年） 5月,120407088,,250615
124,2.00135E+11,,アパート,459.84㎡,静岡県,静岡県袋井市浅岡,"専任
オーナーチェンジ","3,000万円","3,000",3000,一住,119.24㎡,メゾンＴ,公開中,一方,東海道線 袋井,徒歩 59分,南5m,冨士物産（株）掛川店,2005年（平成17年）11月,538452222,,250615
125,2.00128E+11,,アパート,557.00㎡,静岡県,静岡県御前崎市佐倉,"一般
オーナーチェンジ","1,730万円","1,730",1000,定めなし,241.92㎡,,-,一方,東海道線 菊川,徒歩 248分,東6m,匠ホーム,2004年（平成16年） 6月,9089582023,,250615
126,4.00134E+11,,アパート,695.00㎡,佐賀県,佐賀県三養基郡みやき町大字白壁,"専任
オーナーチェンジ","4,400万円","4,400",4000,定めなし,238.00㎡,Ｍ’ｓハイツ,公開中,-,,,西14.7m,（同）ファラオ,2005年（平成17年）10月,080-1707-6874,,250615
127,1.00133E+11,,アパート,175.90㎡,埼玉県,埼玉県入間市東町４丁目,代理,"3,390万円","3,390",3000,一中,171.99㎡,ジュネフィーユ,-,二方,西武池袋線 武蔵藤沢,徒歩 20分/車 2.1km,北東17.7m,（同）ワンド不動産,1988年（昭和63年） 3月,8025672949,,250615
128,1.0013E+11,,アパート,466.00㎡,埼玉県,埼玉県入間郡毛呂山町前久保南２丁目,代理,"5,880万円","5,880",5000,一中,382.94㎡,,-,一方,東武越生線 武州長瀬,徒歩 11分,東4m,（同）ワンド不動産,1985年（昭和60年） 8月,8025672949,,250615
129,1.00133E+11,,アパート,152.70㎡,千葉県,千葉県松戸市二ツ木,一般,"10,114万円","10,114",10000,-,205.71㎡,レジデンス新松戸,-,-,常磐緩行線 新松戸,徒歩 17分,-,大吉不動産（株）,2024年（令和 6年） 7月,080-1415-2944,,250615
130,1.00133E+11,,マンション,107.95㎡,東京都,東京都豊島区雑司が谷１丁目,"一般
オーナーチェンジ","19,800万円","19,800",19000,一中,241.80㎡,,-,一方,有楽町線 護国寺,徒歩 6分,南4.9m,大成有楽不動産販売（株） 池袋センター,1973年（昭和48年） 3月,03-6872-1911,,250615
131,1.00135E+11,,アパート,194.57㎡,神奈川県,神奈川県横浜市中区山下町,"専任
オーナーチェンジ","23,000万円","23,000",23000,商業,181.88㎡,リバーサイド元町中華街,公開中,-,みなとＭ線 元町・中華街,徒歩 4分,-,大東建託リーシング（株）大和駅前店,2009年（平成21年）12月,080-5381-8902,,250615
132,1.00135E+11,,アパート,290.00㎡,神奈川県,神奈川県相模原市南区磯部,"専任
オーナーチェンジ","4,000万円","4,000",4000,一低,162.30㎡,ヒルトップ角田,公開中,三方,相模線 下溝,徒歩 21分,南,大東建託リーシング（株）大和駅前店,1992年（平成 4年） 2月,080-5381-8902,,250615
133,1.00134E+11,,アパート,354.37㎡,山形県,山形県東根市大林２丁目,"一般
オーナーチェンジ","2,100万円","2,100",2000,二住,213.08㎡,東根市大林二丁目売アパート 大林ハイツ,-,一方,山形新幹線 さくらんぼ東根,徒歩 14分,東6m,天野地所（株）,1998年（平成10年）10月,0237-42-3713,,250615
134,3.00132E+11,,アパート,85.55㎡,大阪府,大阪府大阪市旭区清水１丁目,"専任
オーナーチェンジ","6,980万円","6,980",6000,二中,243.84㎡,モデラート千林,公開中,一方,京阪本線 千林,徒歩 4分,北,富士ホームサービス（株） 豊中支店,1988年（昭和63年） 6月,06-4867-3955,,250615
135,2.00134E+11,,マンション,335.90㎡,岐阜県,岐阜県岐阜市池ノ上町１丁目,専任,"1,400万円","1,400",1000,二住,312.72㎡,岐阜市池ノ上町 １棟マンション,公開中,一方,東海道線 岐阜,徒歩 44分,南東4.5m,将永不動産（株）,1973年（昭和48年） 2月,0565-41-8999,,250615
136,4.00134E+11,,アパート,122.27㎡,長崎県,長崎県長崎市昭和２丁目,"専任
オーナーチェンジ","3,000万円","3,000",3000,一中,201.60㎡,中村アパート,公開中,一方,長電本線 千歳町,徒歩 12分,南5.5m,悠悠ホーム（株）ＩＸＡ事務所,1990年（平成 2年） 2月,070-7663-7753,,250615
137,2.00131E+11,,マンション,"1,118.00㎡",静岡県,静岡県駿東郡長泉町桜堤２丁目,"一般
オーナーチェンジ","27,000万円","27,000",27000,一住,"1,004.96㎡",長泉町桜堤一棟売マンション,-,二方,御殿場線 長泉なめり,徒歩 13分,北6m,新日本住建販売（株）静岡支店,2000年（平成12年）11月,055-981-0333,,250615
138,1.00129E+11,,アパート,63.22㎡,東京都,東京都板橋区本町,"専属
オーナーチェンジ","10,380万円","10,380",10000,準工,129.72㎡,,公開中,-,都営三田線 板橋本町,徒歩 5分,-,（有）アイ・コーポレイション,2005年（平成17年） 9月,03-5840-7881,,250615
139,4.00134E+11,,アパート,434.00㎡,大分県,大分県大分市三川上４丁目,"一般
オーナーチェンジ","2,000万円","2,000",2000,二中,158.40㎡,三川上四丁目,-,一方,日豊線 高城,徒歩 22分,東6m,（有）クリオ地研,1992年（平成 4年） 1月,097-574-8331,,250615
140,3.00132E+11,,マンション,194.35㎡,大阪府,大阪府大阪市東淀川区菅原３丁目,"売主
オーナーチェンジ","26,760万円","26,760",26000,二住,748.04㎡,ビルディングⅡ菅原,-,二方,阪急京都線 淡路,徒歩 10分,南西30m,（有）スリーエーコーポレーション,1990年（平成 2年） 4月,9089807531,,250615
141,3.00132E+11,,マンション,176.58㎡,兵庫県,兵庫県宝塚市宮の町,"売主
オーナーチェンジ","12,000万円","12,000",12000,近商,455.37㎡,ジャルダン宝塚弐番館,-,二方,阪急宝塚線 宝塚,徒歩 12分,南46m,（有）スリーエーコーポレーション,1985年（昭和60年） 9月,9089807531,,250615
142,3.00134E+11,,マンション,402.38㎡,大阪府,大阪府大阪市住吉区山之内３丁目,"売主
オーナーチェンジ","21,800万円","21,800",21000,一住,"1,017.72㎡",エバーグリーン,-,一方,阪和線 杉本町,徒歩 3分,北6m,（有）スリーエーコーポレーション,1988年（昭和63年）11月,9089807531,,250615
143,1.00134E+11,,アパート,123.94㎡,東京都,東京都江戸川区南小岩６丁目,"一般
オーナーチェンジ","11,300万円","11,300",11000,一中,125.22㎡,ハーモニーテラス南小岩,-,一方,総武中央線 小岩,徒歩 9分,-,（有）ダイオー,2018年（平成30年） 9月,03-5693-8621,,250615
144,1.00134E+11,,アパート,152.70㎡,千葉県,千葉県松戸市二ツ木,"一般
オーナーチェンジ","10,114万円","10,114",10000,準住,205.71㎡,,-,一方,常磐緩行線 北松戸,徒歩 17分,北西,（有）トラストホーム,2024年（令和 6年） 7月,03-3606-3662,,250615
145,1.0013E+11,,アパート,117.02㎡,東京都,東京都杉並区和泉２丁目,"専任
オーナーチェンジ","5,980万円","5,980",5000,一中,145.18㎡,栄和ハイツ,公開中,一方,京王線 代田橋,徒歩 5分,北5.4m,（有）フィールコーポレーション,1959年（昭和34年） 1月,044-411-4838,,250615
146,1.00131E+11,,マンション,76.75㎡,東京都,東京都杉並区上高井戸１丁目,"一般
オーナーチェンジ","12,000万円","12,000",12000,準住,133.12㎡,アーバハイツ八幡山,-,一方,京王線 八幡山,徒歩 2分,-,（有）みのりや,2003年（平成15年）11月,333008121,,250615
147,1.00135E+11,,アパート,323.40㎡,神奈川県,神奈川県横浜市都筑区すみれが丘,"一般
オーナーチェンジ","14,300万円","14,300",14000,一低,205.36㎡,Ｃｈｏｃｏｔｔｏハウス すみれが丘,-,一方,横浜ブルー 中川,徒歩 18分,南6.5m,（有）ワタナベ,2024年（令和 6年）11月,045-651-6325,,250615
148,1.00135E+11,,アパート,150.90㎡,神奈川県,神奈川県横須賀市若松町３丁目,専任,"7,950万円","7,950",7000,一中,196.56㎡,ヒルズ横須賀中央,公開中,一方,京浜急行線 横須賀中央,徒歩 3分,南東4m,（有）ワタナベ,2007年（平成19年） 2月,456516325,,250615
149,4.00132E+11,,アパート,236.37㎡,鹿児島県,鹿児島県霧島市隼人町東郷１丁目,一般,998万円,998,0,一住,168.93㎡,東郷 売アパート,-,-,肥薩線 日当山,徒歩 19分,-,（有）久保田不動産,1988年（昭和63年） 1月,0995-45-5173,,250615
150,4.00134E+11,,アパート,161.93㎡,福岡県,福岡県福岡市博多区堅粕４丁目,"一般
オーナーチェンジ","5,980万円","5,980",5000,一住,153.62㎡,シャローム博多,-,-,福岡空港線 博多,徒歩 15分,-,（有）伊藤不動産,2006年（平成18年） 9月,092-406-3383,,250615
151,1.00135E+11,,マンション,121.48㎡,神奈川県,神奈川県藤沢市本鵠沼３丁目,"売主
オーナーチェンジ","11,000万円","11,000",11000,近商,235.50㎡,コンフォーム鵠沼,-,一方,江ノ島線 本鵠沼,徒歩 3分,東5.5m,（有）堀本不動産,1986年（昭和61年） 8月,8033063753,,250615
152,2.00134E+11,,アパート,403.32㎡,愛知県,愛知県蒲郡市大塚町蔵屋敷,"売主
オーナーチェンジ","2,480万円","2,480",2000,準工,207.32㎡,パルＢＯＸ８９,-,角地,東海道線 三河大塚,徒歩 7分,北西8.5m,（有）山本住建,1989年（平成 1年） 4月,532450189,,250615
153,4.00128E+11,,アパート,426.60㎡,大分県,大分県大分市明磧町１丁目,"一般
オーナーチェンジ","5,980万円","5,980",5000,近商,254.69㎡,あけがわらフラット,-,一方,久大線 南大分,徒歩 10分,北5.3m,（有）嶋川工務店,2017年（平成29年） 3月,0977-67-2002,,250615
154,1.00135E+11,,アパート,"1,254.64㎡",千葉県,千葉県習志野市東習志野６丁目,"一般
オーナーチェンジ","19,500万円","19,500",19000,一住,818.38㎡,サニーコート２０００，臼田ハイツ・臼田ハイツⅠ,-,角地,京成本線 実籾,徒歩 20分,北,（有）日出ハウス,1999年（平成11年）12月,043-274-6225,,250615
155,2.00133E+11,,アパート,741.00㎡,三重県,三重県津市高野尾町,"専任
オーナーチェンジ","3,050万円","3,050",3000,-,388.06㎡,,公開中,一方,名古屋線 津,徒歩 102分,北東7m,（有）日昇産業,1994年（平成 6年） 5月,592555599,,250615
156,1.00135E+11,,アパート,230.18㎡,北海道,北海道帯広市西十八条南５丁目,"専属
オーナーチェンジ",630万円,630,0,一低,173.30㎡,第２共和ハイツ,公開中,角地,,,南8m,（有）荒井不動産,1980年（昭和55年） 1月,155670853,,250615
157,1.00121E+11,,アパート,230.20㎡,北海道,北海道帯広市西十八条南５丁目,"専任
オーナーチェンジ",630万円,630,0,一低,161.00㎡,共和ハイツ,公開中,二方,,,北6m,（有）荒井不動産,1974年（昭和49年）10月,155670853,,250615
158,3.00135E+11,,アパート,66.85㎡,大阪府,大阪府羽曳野市翠鳥園,"売主
オーナーチェンジ","2,280万円","2,280",2000,一低,60.64㎡,ｋｕｋｕｌｕ翠鳥園,-,-,近鉄南大阪線 古市,徒歩 9分,-,（有）蔵前住宅,2022年（令和 4年） 6月,072-937-1827,,250615
159,4.00135E+11,,アパート,163.99㎡,沖縄県,沖縄県那覇市山下町,専任,"3,500万円","3,500",3000,一中,109.35㎡,當間アパート,公開中,-,ゆいレール 奥武山公園,徒歩 6分,北東6m,（有）高蔵住宅,1973年（昭和48年）10月,098-857-7311,,250615
160,1.00131E+11,,アパート,303.00㎡,宮城県,宮城県仙台市太白区三神峯２丁目,"専任
オーナーチェンジ","1,680万円","1,680",1000,一低,122.54㎡,,公開中,一方,仙台東西線 八木山動物公園,徒歩 28分,東4m,東北ミサワホーム（株）,1995年（平成 7年） 8月,022-706-0333,,250615
161,2.00135E+11,,マンション,208.92㎡,愛知県,愛知県名古屋市千種区春岡１丁目,"専任
オーナーチェンジ","22,500万円","22,500",22000,近商,539.09㎡,ティアイ池下,公開中,二方,東山線 池下,徒歩 4分,北7.8m,東急リバブル㈱ 千種センター,1989年（平成 1年） 6月,052-886-3109,,250615
162,1.00135E+11,,アパート,67.10㎡,東京都,東京都小平市学園東町１丁目,"専属
オーナーチェンジ","4,910万円","4,910",4000,一低,64.00㎡,キャスティア学園東町,公開中,角地,多摩湖線 一橋学園,徒歩 5分,南4m,東急リバブル（株） 国分寺センター,2016年（平成28年）10月,050-1808-6243,,250615
163,1.00134E+11,,アパート,165.30㎡,神奈川県,神奈川県横浜市磯子区杉田８丁目,専属,"3,020万円","3,020",3000,一低,79.48㎡,,公開中,一方,根岸線 洋光台,停歩 3分/バス 12分,北西4.5m,東急リバブル（株） 上大岡センター,1973年（昭和48年）11月,045-840-6911,,250615
164,1.00135E+11,,アパート,198.00㎡,神奈川県,神奈川県相模原市中央区中央１丁目,"専属
オーナーチェンジ","5,280万円","5,280",5000,近商,291.92㎡,ハイラーク今井,申込あり,一方,横浜線 相模原,徒歩 13分,南西6m,東急リバブル（株） 橋本センター,1986年（昭和61年） 3月,042-861-1109,,250615
165,1.00135E+11,,アパート,96.03㎡,東京都,東京都板橋区前野町４丁目,"専属
オーナーチェンジ","5,960万円","5,960",5000,一住,91.24㎡,,公開中,一方,都営三田線 志村坂上,徒歩 9分,南西4m,東急リバブル（株） ときわ台センター,1990年（平成 2年） 2月,03-6893-2109,,250615
166,1.00135E+11,,アパート,78.27㎡,東京都,東京都狛江市駒井町３丁目,"一般
オーナーチェンジ","3,980万円","3,980",3000,一低,87.36㎡,コーポ青葉,-,一方,小田急線 和泉多摩川,徒歩 15分,北東6m,東急リバブル（株） 成城センター,2001年（平成13年） 9月,03-3415-2101,,250615
167,3.00133E+11,,マンション,236.73㎡,兵庫県,兵庫県西宮市甲東園２丁目,"売主
オーナーチェンジ","22,480万円","22,480",22000,一中,345.30㎡,ウェルスクエア西宮甲東園,-,一方,阪急今津線 甲東園,徒歩 7分,北西5.5m,東急リバブル（株） 神戸コンサルティングセンター,2024年（令和 6年） 3月,078-331-6120,,250615
168,1.00135E+11,,アパート,646.00㎡,神奈川県,神奈川県川崎市高津区梶ケ谷３丁目,"専属
オーナーチェンジ","16,000万円","16,000",16000,一低,388.80㎡,,申込あり,一方,田園都市線 梶が谷,徒歩 13分,南西6.6m,東急リバブル（株） 溝ノ口センター,1993年（平成 5年） 3月,044-833-5891,,250615
169,1.00135E+11,,アパート,158.70㎡,東京都,東京都町田市成瀬台１丁目,"専属
オーナーチェンジ","3,780万円","3,780",3000,一低,143.12㎡,,公開中,一方,横浜線 成瀬,停歩 2分/バス 9分,東6m,東急リバブル（株） 町田センター,1989年（平成 1年） 8月,050-1808-8441,,250615
170,3.00134E+11,,アパート,314.16㎡,兵庫県,兵庫県宝塚市仁川高台１丁目,"専任
オーナーチェンジ","8,500万円","8,500",8000,一低,303.32㎡,フレンド仁川,公開中,一方,阪急今津線 仁川,徒歩 5分,東3.6m,東急リバブル（株） 宝塚センター,1966年（昭和41年） 6月,0797-99-0109,,250615
171,1.00133E+11,,アパート,128.66㎡,東京都,東京都品川区東大井２丁目,"一般
オーナーチェンジ","15,800万円","15,800",15000,準工,219.96㎡,ａｌｃａｓａ東大井,-,一方,京浜東北線 大井町,徒歩 13分,東3.4m,（株）ＡＪプロパティ,2014年（平成26年） 4月,047-408-7031,,250615
172,4.00135E+11,,アパート,506.56㎡,鹿児島県,鹿児島県鹿屋市新生町,売主,398万円,398,0,-,296.14㎡,鹿児島県鹿屋市新生町 アパート,-,-,,,-,（株）ＡｌｂａＬｉｎｋ 熊本支店,1977年（昭和52年） 7月,096-223-8800,,250615
173,1.00135E+11,,アパート,185.55㎡,東京都,東京都杉並区本天沼３丁目,"代理
オーナーチェンジ","9,980万円","9,980",9000,一低,130.20㎡,荻窪一棟アパート,-,-,中央線 荻窪,徒歩 17分,西5.5m,（株）Ａｎｙ Ｇｏｌｄ Ｔｒｕｓｔ,1990年（平成 2年）11月,03-6809-4475,,250615
174,4.00135E+11,,マンション,198.00㎡,広島県,広島県広島市中区光南２丁目,専任,"14,800万円","14,800",14000,-,362.88㎡,,公開中,-,広電宇品線 御幸橋,徒歩 25分,-,（株）ＡＴＭリアルエステート,,082-261-6355,,250615
175,4.00134E+11,,アパート,202.33㎡,神奈川県,神奈川県横浜市緑区鴨居６丁目,"専任
オーナーチェンジ","9,000万円","9,000",9000,-,172.80㎡,ハイム鴨居,公開中,-,横浜線 鴨居,徒歩 15分,-,（株）Ｂｌｅｓｓｅｄ,1987年（昭和62年） 5月,090-6876-4405,,250615
176,4.00134E+11,,マンション,441.00㎡,福岡県,福岡県北九州市小倉北区黒原２丁目,"一般
オーナーチェンジ","7,080万円","7,080",7000,-,559.40㎡,,-,-,日豊線 城野,徒歩 21分,-,（株）ＣＲＥＶｏ 福岡支店,1998年（平成10年） 7月,070-8970-5432,,250615
177,3.00132E+11,,アパート,184.74㎡,兵庫県,兵庫県芦屋市松ノ内町,専属,"12,200万円","12,200",12000,-,281.07㎡,Ｓｔ．Ｒｅｓｉｄｅｎｃｅ芦屋川,公開中,一方,阪急神戸線 芦屋川,徒歩 3分,南,（株）Ｄａｙｔｏｎａ,,06-4301-3501,,250615
178,1.00135E+11,,アパート,965.58㎡,岐阜県,岐阜県各務原市三井山町２丁目,"専任
オーナーチェンジ","8,300万円","8,300",8000,-,317.98㎡,,公開中,-,高山線 那加,徒歩 11分,-,（株）ｅランド,,03-6802-8560,,250615
179,1.00129E+11,,アパート,922.23㎡,東京都,東京都八王子市泉町,専任,"14,000万円","14,000",14000,一低,602.84㎡,Ｎ ＫＯＭＡＴＵＹＡ,公開中,二方,中央線 西八王子,停歩 2分/バス 14分,北東4m,（株）ＧＬＯＢＡＬ ＫＯＥＩ,2008年（平成20年） 9月,042-656-8621,,250615
180,1.00134E+11,,アパート,130.90㎡,千葉県,千葉県市川市真間３丁目,"専任
オーナーチェンジ","6,950万円","6,950",6000,一低,121.40㎡,メゾンブリエ,公開中,一方,総武中央線 市川,徒歩 17分,-,（株）Ｈｏｕｓｉｎｇ Ｐｒｏｄｕｃｅ,2018年（平成30年）10月,473320777,,250615
181,1.00133E+11,,アパート,242.30㎡,北海道,北海道江別市東光町,"専任
オーナーチェンジ","1,750万円","1,750",1000,一住,294.84㎡,クレヨンハウス,公開中,-,,,-,（株）ＫＫコーポレーション,1989年（平成 1年） 6月,011-788-2425,,250615
182,1.00135E+11,,アパート,283.90㎡,東京都,東京都世田谷区八幡山２丁目,"専任
オーナーチェンジ","7,780万円","7,780",7000,一低,173.90㎡,シャンテ八幡山,申込あり,一方,京王線 八幡山,徒歩 14分,東4.8m,（株）Ｋ－コンサルティング,1996年（平成 8年） 2月,471928306,,250615
183,3.00133E+11,,マンション,100.03㎡,大阪府,大阪府大阪市淀川区加島３丁目,"専任
オーナーチェンジ","4,980万円","4,980",4000,一住,169.69㎡,加島アパート,公開中,一方,東西線 加島,徒歩 1分,-,（株）ＭＫコンサル,2001年（平成13年） 3月,8024822685,,250615
184,3.00133E+11,https://drive.google.com/file/d/1PHtYCBrI1HTTPGYtr1zjltN0ocCjs5X2/view?usp=drivesdk,マンション,217.99㎡,大阪府,大阪府大阪市城東区成育３丁目,"専任
オーナーチェンジ","8,500万円","8,500",8000,一住,338.73㎡,コーポラス野江,公開中,一方,京阪本線 野江,徒歩 2分,-,（株）ＭＫコンサル,1981年（昭和56年） 7月,8024822685,,250615
185,1.00134E+11,https://drive.google.com/file/d/1G0-37c4FhdtvMwE7tV5RiyqDbvWH6ISa/view?usp=drivesdk,アパート,333.65㎡,宮城県,宮城県登米市迫町佐沼字八幡１丁目,"一般
オーナーチェンジ","2,900万円","2,900",2000,一住,216.13㎡,コーポアルファ,-,一方,,,東9m,（株）Ｒ．Ｒ．Ｒ ｃｏｒｐｏｒａｔｉｏｎ,2005年（平成17年）12月,022-725-7172,,250615
186,1.00132E+11,https://drive.google.com/file/d/10hOGPzsI6c-YE0wC3aUWi8U5IRTx27TO/view?usp=drivesdk,マンション,448.66㎡,茨城県,茨城県牛久市栄町６丁目,"専任
オーナーチェンジ","6,000万円","6,000",6000,一住,466.56㎡,メゾン・ド・サカエ,公開中,一方,常磐線 牛久,停歩 5分/バス 8分,西,（株）ＳＩＭＣＩＴＹ,1988年（昭和63年）12月,03-5342-0480,,250615
187,1.00135E+11,,アパート,212.08㎡,北海道,北海道札幌市厚別区厚別東二条６丁目,専任,"1,800万円","1,800",1000,-,188.76㎡,アベニュー１,公開中,-,地下東西線 新さっぽろ,停歩 1分/バス 12分,-,（株）ＳＵＭｉＴＡＳ,1984年（昭和59年）12月,011-807-5814,,250615
188,1.00135E+11,,マンション,330.00㎡,北海道,北海道札幌市南区澄川五条３丁目,一般,"14,750万円","14,750",14000,一中,775.86㎡,Ｆａｉｒｙ,-,一方,地下南北線 澄川,徒歩 5分,-,（株）ＳＵＭｉＴＡＳ,2006年（平成18年） 2月,011-807-5814,,250615
189,1.00135E+11,,アパート,107.13㎡,北海道,北海道苫小牧市本幸町２丁目,専任,150万円,150,0,商業,180.16㎡,,公開中,一方,千歳線 苫小牧,,-,（株）ＳＵＭｉＴＡＳ,,011-807-5814,,250615
190,1.00135E+11,,アパート,318.60㎡,北海道,北海道千歳市信濃４丁目,専任,"5,400万円","5,400",5000,一住,244.24㎡,Ｓａｐｈｉｒ ＳＨＩＮＡＯ,公開中,角地,千歳線 千歳,停歩 4分/バス 12分,-,（株）ＳＵＭｉＴＡＳ,2015年（平成27年） 7月,011-807-5814,,250615
191,1.00135E+11,,アパート,221.25㎡,北海道,北海道釧路市文苑３丁目,一般,"2,250万円","2,250",2000,一低,182.40㎡,カーサ文苑,-,角地,,,北東8m,（株）ＳＵＭｉＴＡＳ,2008年（平成20年） 6月,118078501,,250615
192,1.00134E+11,https://drive.google.com/file/d/1FzCY7PxsMcACC5q2zQAK4APwroC464FG/view?usp=drivesdk,マンション,140.39㎡,長崎県,長崎県長崎市花丘町,一般,"3,900万円","3,900",3000,一住,271.88㎡,エチュード花丘,-,-,長電本線 昭和町通,徒歩 9分,-,（株）ＴＥＲＡＳＳ,1990年（平成 2年） 3月,03-6773-7621,,250615
193,3.00134E+11,https://drive.google.com/file/d/1zDXZ_v1wO1IyTKNFlocDqSj2g-1dWOfE/view?usp=drivesdk,マンション,70.80㎡,大阪府,大阪府寝屋川市清水町,一般,"2,380万円","2,380",2000,二中,105.87㎡,ＫＡＷＡＳＩＡ寝屋川,-,一方,京阪本線 寝屋川市,徒歩 12分,-,（株）ＹＳ不動産,1988年（昭和63年）10月,072-896-7110,,250615
194,2.00135E+11,,アパート,308.81㎡,静岡県,静岡県袋井市浅羽,"一般
オーナーチェンジ","1,800万円","1,800",1000,一中,206.25㎡,セブンカラーズ,-,一方,,,西4.7m,（株）アーガス,1994年（平成 6年） 1月,0537-21-7777,,250615
195,1.00129E+11,https://drive.google.com/file/d/1I95xb_2QLwS9HLXLX_ncGIefD1Vmvu4h/view?usp=drivesdk,マンション,264.16㎡,埼玉県,埼玉県深谷市上柴町東５丁目,"一般
オーナーチェンジ","5,200万円","5,200",5000,工業,280.56㎡,サンハイツ上柴,-,角地,高崎線 深谷,徒歩 29分,北東4m,（株）アールウィンド 練馬西口店,1986年（昭和61年） 5月,8041524377,,250615
196,1.00134E+11,https://drive.google.com/file/d/1npVlVqgmGEdRb_2b7bekAYUmBO8hMJTj/view?usp=drivesdk,アパート,125.47㎡,千葉県,千葉県船橋市高根台７丁目,専属,"6,980万円","6,980",6000,一住,141.73㎡,ロイヤルコート高根台,公開中,-,京成松戸線 高根公団,徒歩 3分,-,（株）アールエイチ・コーポレーション,2024年（令和 6年） 1月,047-401-3820,,250615
197,1.00134E+11,https://drive.google.com/file/d/1p-py7wKR7jNDlgIxgmB3J8blfHxu9a4e/view?usp=drivesdk,アパート,420.61㎡,千葉県,千葉県市原市国分寺台中央５丁目,"専属
オーナーチェンジ","9,880万円","9,880",9000,一低,308.02㎡,エリシオン,公開中,一方,内房線 五井,停歩 4分/バス 11分,南西11m,（株）アイルビー,2016年（平成28年） 6月,345001161,,250615
198,1.00135E+11,https://drive.google.com/file/d/1HyKNDXHGxTas6Uv4bszL4-UcNzAhHc7V/view?usp=drivesdk,アパート,74.38㎡,東京都府,東京都府中市新町３丁目,一般,"1,878万円","1,878",1000,一低,71.05㎡,コーポ新町,-,-,中央線 国分寺,徒歩 17分,-,（株）アセットアップ,1967年（昭和42年） 8月,03-6721-0850,,250615
199,1.00132E+11,https://drive.google.com/file/d/1SsNq3fKhGvBGZg-5jeTi6a7kcI6qV-c7/view?usp=drivesdk,アパート,93.95㎡,群馬県,群馬県高崎市下和田町１丁目,"一般
オーナーチェンジ","3,250万円","3,250",3000,一住,141.72㎡,カーサ・デ・マイカ,-,-,高崎線 高崎,徒歩 10分,北東5.8m,（株）アルファプラン,1989年（平成 1年）10月,027-210-7007,,250615
200,1.00132E+11,https://drive.google.com/file/d/1mh4Ab_XzEzg-0V2CfPjX_1-BV4YEQRle/view?usp=drivesdk,アパート,502.05㎡,群馬県,群馬県高崎市飯塚町,"専任
オーナーチェンジ","6,800万円","6,800",6000,近商,335.85㎡,ホワイトメゾン,公開中,三方,信越線 北高崎,徒歩 9分,西4m,（株）アルファプラン,1984年（昭和59年） 8月,027-210-7007,,250615
201,1.0013E+11,https://drive.google.com/file/d/1vAqWSbO5l51a2NIbZ7zDK5bsxqpLFONm/view?usp=drivesdk,アパート,191.05㎡,宮城県,宮城県仙台市若林区若林１丁目,"専属
オーナーチェンジ","9,100万円","9,100",9000,-,171.80㎡,ラーゴム長町ファースト,公開中,-,仙台南北線 長町一丁目,徒歩 8分,-,（株）アルプス建設,2021年（令和 3年）10月,045-312-0045,,250615
202,1.00135E+11,https://drive.google.com/file/d/1xxcq8pgjpYpgff9RNguo3z8nVpkAuJxW/view?usp=drivesdk,アパート,124.93㎡,福岡県,福岡県福岡市南区井尻１丁目,一般,"5,700万円","5,700",5000,-,150.30㎡,,-,-,西鉄大牟田 井尻,徒歩 5分,-,（株）イノヴィート 横浜支店,,045-548-5783,,250615
203,1.0013E+11,https://drive.google.com/file/d/1pfC8CoEaL5Vj1tMFyD33yCoDJHi2ekhR/view?usp=drivesdk,マンション,"1,083.25㎡",静岡県,静岡県富士宮市神田川町,"専任
オーナーチェンジ","7,980万円","7,980",7000,二中,811.36㎡,シャンテⅡ,公開中,二方,身延線 西富士宮,徒歩 10分,南6m,（株）イノベート,1989年（平成 1年） 2月,042-785-5147,,250615
204,1.00135E+11,https://drive.google.com/file/d/1Va0ClAqD_3d6ReUXyy2UnjngS83RTSDH/view?usp=drivesdk,アパート,138.37㎡,神奈川県,神奈川県横浜市泉区弥生台,"専属
オーナーチェンジ","8,480万円","8,480",8000,一低,110.62㎡,Ｇ・Ａヒルズ弥生台,公開中,一方,いずみ野線 弥生台,徒歩 2分,北東6.6m,（株）イノベート,2017年（平成29年）11月,9012669750,,250615
205,1.00135E+11,,アパート,150.45㎡,神奈川県,神奈川県横浜市保土ケ谷区峰岡町３丁目,"専任
オーナーチェンジ","7,160万円","7,160",7000,一低,123.54㎡,アーヴェル峰岡町,公開中,一方,相鉄線 和田町,徒歩 10分,南6m,（株）イノベート,2018年（平成30年） 2月,7021590614,,250615
206,1.00135E+11,https://drive.google.com/file/d/1Mj8w5wwm_6k8y6B71kcbThDdoQWTXtCh/view?usp=drivesdk,アパート,116.44㎡,神奈川県,神奈川県横浜市中区矢口台,"専属
オーナーチェンジ","8,120万円","8,120",8000,一低,105.24㎡,Ｇ・Ａタウン山手・矢口台,公開中,一方,根岸線 山手,徒歩 7分,南4m,（株）イノベート,2017年（平成29年）12月,9012669750,,250615
207,2.0013E+11,,アパート,219.27㎡,沖縄県,沖縄県那覇市泊２丁目,"一般
オーナーチェンジ","23,800万円","23,800",23000,商業,724.26㎡,尚平ビル,-,一方,ゆいレール 美栄橋,徒歩 9分/車 0.7km,北東18m,（株）エルアンドビー,1983年（昭和58年）12月,0594-87-7488,,250615
208,1.00133E+11,,アパート,287.59㎡,神奈川県,神奈川県横浜市保土ケ谷区霞台,"一般
オーナーチェンジ","9,500万円","9,500",9000,一低,188.62㎡,ハーミットクラブハウスアニーガーデン,-,-,横須賀線 保土ケ谷,徒歩 10分,北東3m,（株）オメガエステート,2020年（令和 2年） 9月,03-6667-8118,,250615
209,1.00135E+11,https://drive.google.com/file/d/1dpXtaIcY1g_c58is3I5mzmRoywDYD8p7/view?usp=drivesdk,アパート,495.00㎡,茨城県,茨城県小美玉市大谷,"専任
オーナーチェンジ","2,280万円","2,280",2000,-,149.04㎡,サンハイツ,公開中,一方,常磐線 羽鳥,車 4.1km,-,（株）オリーブの木,1992年（平成 4年） 2月,03-6821-5474,,250615
210,1.00133E+11,,マンション,"2,285.59㎡",北海道,北海道恵庭市泉町,"一般
オーナーチェンジ","26,000万円","26,000",26000,商業,"3,305.65㎡",メゾン丸恵,-,四方,千歳線 恵庭,徒歩 11分,南東20m,（株）きたいち不動産販売 東店,1984年（昭和59年）11月,117927161,,250615
211,4.00134E+11,,マンション,305.47㎡,徳島県,徳島県徳島市佐古三番町,"売主
オーナーチェンジ","10,500万円","10,500",10000,商業,897.76㎡,ロイヤルクレイン佐古,-,一方,高徳線 佐古,徒歩 6分,北6m,（株）きりん住宅,1989年（平成 1年） 1月,0897-32-0331,,250615
212,3.00134E+11,https://drive.google.com/file/d/1vKkLKgm20W8flXhxrY8vGYD3gkVpv-Aa/view?usp=drivesdk,アパート,178.53㎡,東京都,東京都葛飾区小菅１丁目,"一般
オーナーチェンジ","15,980万円","15,980",15000,一住,273.94㎡,,-,角地,伊勢崎線 小菅,徒歩 7分,東5.4m,（株）グラウンド,2024年（令和 6年） 3月,06-6360-9749,,250615
213,3.00128E+11,,アパート,384.51㎡,大阪府,大阪府大阪狭山市狭山１丁目,一般,"3,580万円","3,580",3000,二住,320.06㎡,,-,一方,南海高野線 大阪狭山市,徒歩 1分,南東2.2m,（株）ココイエプランニング,1978年（昭和53年）11月,06-6713-3001,,250615
214,3.00134E+11,,マンション,81.48㎡,大阪府,大阪府大阪市西成区橘２丁目,"専属
オーナーチェンジ","3,480万円","3,480",3000,一住,204.27㎡,,公開中,一方,南海本線 天下茶屋,徒歩 10分,東5.1m,（株）ココイエプランニング,1963年（昭和38年） 9月,06-6713-3001,,250615
215,3.00135E+11,,アパート,38.44㎡,大阪府,大阪府松原市天美我堂７丁目,専属,998万円,998,0,二住,54.50㎡,,公開中,一方,大阪メトロ御堂筋線 北花田,徒歩 10分,-,（株）ココイエプランニング,1992年（平成 4年） 3月,06-6713-3001,,250615
216,1.00135E+11,,アパート,279.58㎡,東京都,東京都八王子市平岡町,専任,"11,000万円","11,000",11000,-,485.38㎡,アーバンライフ八王子,公開中,角地,中央線 八王子,徒歩 22分,-,（株）ココカラ,1987年（昭和62年） 3月,042-621-4421,,250615
217,2.00133E+11,,アパート,361.53㎡,石川県,石川県金沢市大額町ヌ,一般,"1,300万円","1,300",1000,-,200.70㎡,フォーヴル額谷,-,-,北鉄石川線 乙丸,徒歩 15分,-,（株）コスモシティ,1985年（昭和60年） 5月,076-296-8877,,250615
218,1.00134E+11,https://drive.google.com/file/d/1E5S9A_zaL6KLhGOPyPUlDvY4Xdvrkqbg/view?usp=drivesdk,マンション,163.13㎡,東京都,東京都品川区大井２丁目,"専任
オーナーチェンジ","22,500万円","22,500",22000,一住,216.88㎡,,公開中,一方,京浜東北線 大井町,徒歩 10分,2.5m,（株）コトブキホームセンター,2004年（平成16年） 5月,03-3760-2011,,250615
219,1.00132E+11,https://drive.google.com/file/d/1GYK5SnixB0mnsrGTxifkSPy3R5beM-QX/view?usp=drivesdk,アパート,133.23㎡,千葉県,千葉県柏市新富町２丁目,"専任
オーナーチェンジ","2,700万円","2,700",2000,一低,125.86㎡,,公開中,角地,常磐線 柏,停歩 5分/バス 11分,北東4.5m,（株）サクセスホーム,1991年（平成 3年） 6月,04-7133-0025,,250615
220,1.00131E+11,,アパート,73.01㎡,神奈川県,神奈川県横浜市西区霞ケ丘,専属,"4,500万円","4,500",4000,二中,72.08㎡,ハーミットクラブハウス霞ヶ丘ⅢＡ棟,公開中,一方,京浜急行線 黄金町,徒歩 10分,東1.9m,（株）シー・エフ・ネッツ 東京本社,2016年（平成28年） 5月,080-3530-5140,,250615
221,1.0013E+11,,アパート,82.51㎡,東京都,東京都板橋区前野町４丁目,専属,"7,380万円","7,380",7000,一住,90.18㎡,テラス・アルテ・ノイエ,公開中,一方,都営三田線 志村坂上,徒歩 5分,7.2m,（株）シー・エフ・ネッツ 東京本社,2001年（平成13年）12月,080-3530-5140,,250615
222,1.00134E+11,,アパート,119.00㎡,東京都,東京都大田区仲六郷３丁目,専任,"9,980万円","9,980",9000,準工,115.02㎡,ライフピアフリージア,公開中,一方,京浜急行線 雑色,徒歩 9分,西3.8m,（株）シー・エフ・ネッツ 東京本社,1989年（平成 1年） 6月,080-3530-5140,,250615
223,1.00134E+11,,アパート,83.86㎡,東京都,東京都板橋区東新町２丁目,専属,"11,800万円","11,800",11000,一中,140.31㎡,Ｔ－Ｒｅｓｉｄｅｎｃｅ,公開中,角地,東武東上線 ときわ台,徒歩 9分,西5.6m,（株）シー・エフ・ネッツ 東京本社,2018年（平成30年） 9月,080-3530-5140,,250615
224,1.0013E+11,,マンション,71.30㎡,東京都,東京都大田区大森本町２丁目,専任,"14,900万円","14,900",14000,商業,215.83㎡,パークウエスト,公開中,一方,京浜急行線 平和島,徒歩 3分,北西25m,（株）シー・エフ・ネッツ 東京本社,1986年（昭和61年） 6月,7087932232,,250615
225,1.00133E+11,,アパート,191.59㎡,東京都,東京都葛飾区西新小岩４丁目,専属,"15,000万円","15,000",15000,準工,229.30㎡,ＢＩＴＺ新小岩,公開中,一方,総武中央線 新小岩,徒歩 11分,東3m,（株）シー・エフ・ネッツ 東京本社,2018年（平成30年） 9月,080-3530-5140,,250615
226,1.00134E+11,,アパート,158.95㎡,神奈川県,神奈川県横浜市磯子区杉田１丁目,一般,"17,500万円","17,500",17000,近商,240.24㎡,フォレスト新杉田,-,角地,京浜東北線 新杉田,徒歩 3分,南東3.8m,（株）シー・エフ・ネッツ 東京本社,2017年（平成29年） 4月,080-3530-5140,,250615
227,4.00134E+11,,アパート,307.73㎡,鳥取県,鳥取県倉吉市上灘町,専任,"4,500万円","4,500",4000,一住,323.85㎡,倉吉市上灘町,公開中,-,山陰線 倉吉,徒歩 41分,-,（株）すまいる不動産,1990年（平成 2年） 8月,0857-30-7788,,250615
228,2.00134E+11,,アパート,838.78㎡,愛知県,愛知県半田市清城町１丁目,"一般
オーナーチェンジ","12,500万円","12,500",12000,一中,589.68㎡,ファインレジデンスＣＯＰ,-,一方,河和線 知多半田,徒歩 16分,南12m,（株）チタコーポレーション半田店,1994年（平成 6年） 3月,0569-23-3011,,250615
229,2.00133E+11,,アパート,476.92㎡,静岡県,静岡県焼津市相川,"一般
オーナーチェンジ","2,700万円","2,700",2000,一低,203.64㎡,モアデライト,-,-,,,-,（株）ティーエイト不動産,2000年（平成12年）10月,054-256-2016,,250615
230,1.00135E+11,,アパート,563.96㎡,新潟県,新潟県新潟市北区太田,専任,"2,600万円","2,600",2000,-,161.18㎡,,公開中,-,,,-,（株）トップファースト,,03-6806-0640,,250615
231,1.00135E+11,,アパート,660.00㎡,茨城県,茨城県笠間市下市毛,売主,"3,280万円","3,280",3000,定めなし,332.40㎡,,-,角地,,,南5.9m,（株）トレジャーツー,1996年（平成 8年） 9月,029-828-4369,,250615
232,3.00134E+11,https://drive.google.com/file/d/1NenaLumGgHN2U7oEbMc5DeoVf5pVbrUK/view?usp=drivesdk,マンション,182.86㎡,大阪府,大阪府大阪市住吉区我孫子４丁目,"一般
オーナーチェンジ","13,800万円","13,800",13000,二住,512.87㎡,我孫子ロジェ,-,-,阪和線 我孫子町,徒歩 2分,-,（株）ニューステージ,1989年（平成 1年） 7月,8093960356,,250615
233,1.00134E+11,,アパート,330.09㎡,千葉県,千葉県千葉市中央区宮崎町,"一般
オーナーチェンジ","6,980万円","6,980",6000,-,247.30㎡,シティプライム,-,-,京葉線 蘇我,徒歩 16分,-,（株）ネオホライズン,1991年（平成 3年） 3月,03-5778-2120,,250615
234,2.00131E+11,https://drive.google.com/file/d/1TvmyhTIAv6f-iw1JzmKz6PewNQDw7ikG/view?usp=drivesdk,アパート,429.74㎡,岐阜県,岐阜県多治見市赤坂町２丁目,"専任
オーナーチェンジ","3,700万円","3,700",3000,一住,198.74㎡,エバー赤坂,公開中,一方,太多線 小泉,徒歩 10分,南,（株）ネオライフ不動産,1998年（平成10年） 2月,522691662,,250615
235,1.00135E+11,https://drive.google.com/file/d/1RF1pqm-_x89PJNKwNdjzjrO67LR6Xcaf/view?usp=drivesdk,アパート,201.29㎡,神奈川県,神奈川県横浜市緑区北八朔町,専任,"8,980万円","8,980",8000,一低,158.98㎡,,公開中,一方,横浜グリー 川和町,徒歩 8分,南4.5m,（株）ハマツーウェイ,2020年（令和 2年） 4月,045-594-8181,,250615
236,1.00134E+11,,アパート,118.37㎡,東京都,東京都杉並区堀ノ内３丁目,一般,"19,800万円","19,800",19000,一中,185.50㎡,セルクル杉並,-,一方,丸ノ内線 新高円寺,徒歩 10分,西3.9m,（株）バリューアップ,2020年（令和 2年） 9月,345656038,,250615
237,1.00127E+11,https://drive.google.com/file/d/1W5ojMYON8Fu_yrzqXNF0vHylksadqgXT/view?usp=drivesdk,アパート,61.88㎡,東京都,東京都板橋区板橋４丁目,一般,"11,500万円","11,500",11000,-,174.90㎡,板橋４丁目シェアハウス,-,-,都営三田線 新板橋,徒歩 7分,-,（株）パワーウェイ,1989年（平成 1年）10月,080-4622-2628,,250615
238,1.00129E+11,https://drive.google.com/file/d/1zjuaRinTGxMdjBka4s1s0rlu4Tp55uGo/view?usp=drivesdk,アパート,630.00㎡,千葉県,千葉県千葉市中央区末広３丁目,代理,"23,000万円","23,000",23000,二住,488.87㎡,,-,一方,京葉線 蘇我,徒歩 19分,-,（株）パワーウェイ,2017年（平成29年） 6月,8046222628,,250615
239,1.00135E+11,https://drive.google.com/file/d/1vv63nZLC5Uo0UJjtMMcWu3rbi6PgCyUk/view?usp=drivesdk,アパート,442.97㎡,岩手県,岩手県盛岡市加賀野１丁目,"専属
オーナーチェンジ","4,300万円","4,300",4000,-,121.73㎡,レオパレス加賀野壱番館,公開中,一方,東北線 盛岡,停歩 6分/バス 11分,-,（株）ピースリアルティ,2004年（平成16年） 1月,090-9555-4019,,250615
240,4.00134E+11,,マンション,479.80㎡,福岡県,福岡県北九州市門司区泉ケ丘,"一般
オーナーチェンジ","17,000万円","17,000",17000,一住,"1,342.73㎡",,-,-,鹿児島線 門司,徒歩 20分,東5.6m,（株）ヒットホーム,1987年（昭和62年） 2月,093-521-1023,,250615
241,4.00134E+11,,アパート,"1,267.82㎡",広島県,広島県福山市神辺町字道上,"一般
オーナーチェンジ","18,700万円","18,700",18000,定めなし,621.71㎡,グランメゾンクレスト神辺道上,-,-,福塩線 道上,徒歩 8分,北12m,（株）ファースト,2023年（令和 5年） 3月,084-999-8448,,250615
242,1.00135E+11,https://drive.google.com/file/d/10Oofq95t7D6fbblVJGT9X0eoFguLt2f9/view?usp=drivesdk,アパート,503.39㎡,栃木県,栃木県宇都宮市宝木町１丁目,"一般
オーナーチェンジ","3,850万円","3,850",3000,一低,284.11㎡,,-,一方,東北本線（宇都宮線） 宇都宮,停歩 10分/バス 23分,南4.5m,（株）フルハウス（ハウスドゥ宇都宮南）,1992年（平成 4年） 9月,028-678-2888,,250615
243,1.00135E+11,https://drive.google.com/file/d/1hTk6ALEhakUs3pmC_fuZfyimidyk2gxD/view?usp=drivesdk,アパート,157.00㎡,千葉県,千葉県松戸市松戸新田,"専任
オーナーチェンジ","4,748万円","4,748",4000,一低,149.04㎡,ハイム上本郷,公開中,一方,京成松戸線 上本郷,徒歩 11分,北西4.2m,（株）プレミアホームワークス,1992年（平成 4年） 7月,7053636300,,250615
244,2.00134E+11,,アパート,152.67㎡,愛知県,愛知県名古屋市守山区西川原町,"専属
オーナーチェンジ","5,700万円","5,700",5000,工業,125.34㎡,,公開中,一方,中央線 新守山,徒歩 10分,南8m,（株）プレミアム住マイル,2018年（平成30年） 3月,052-602-7621,,250615
245,2.00135E+11,,マンション,266.10㎡,愛知県,愛知県名古屋市天白区植田山３丁目,専属,"8,500万円","8,500",8000,一中,383.64㎡,,公開中,角地,鶴舞線 塩釜口,徒歩 26分,南東6.5m,（株）プレミアム住マイル,1991年（平成 3年） 6月,052-602-7621,,250615
246,2.00134E+11,,アパート,135.85㎡,愛知県,愛知県名古屋市南区鯛取通５丁目,"専属
オーナーチェンジ","5,700万円","5,700",5000,近商,116.46㎡,,公開中,一方,桜通線 鶴里,徒歩 3分,北24.5m,（株）プレミアム住マイル,2016年（平成28年）11月,052-602-7621,,250615
247,2.00134E+11,,アパート,160.90㎡,愛知県,愛知県名古屋市守山区小幡南１丁目,"専属
オーナーチェンジ","5,800万円","5,800",5000,近商,128.28㎡,,公開中,一方,瀬戸線 小幡,徒歩 2分,南3.5m,（株）プレミアム住マイル,2017年（平成29年） 9月,052-602-7621,,250615
248,2.00134E+11,,マンション,178.50㎡,愛知県,愛知県名古屋市千種区園山町１丁目,"専属
オーナーチェンジ","6,900万円","6,900",6000,一低,225.21㎡,,公開中,一方,東山線 本山,徒歩 9分,東7.2m,（株）プレミアム住マイル,1985年（昭和60年） 4月,052-602-7621,,250615
249,2.00135E+11,,アパート,173.88㎡,愛知県,愛知県名古屋市南区鶴里町２丁目,"専属
オーナーチェンジ","7,500万円","7,500",7000,一住,168.16㎡,,公開中,一方,桜通線 鶴里,徒歩 5分,北5.4m,（株）プレミアム住マイル,2017年（平成29年） 7月,052-602-7621,,250615
250,2.00134E+11,,マンション,394.00㎡,愛知県,愛知県一宮市花池４丁目,"専任
オーナーチェンジ","6,990万円","6,990",6000,一中,524.24㎡,,公開中,一方,名鉄本線 妙興寺,徒歩 7分,北6m,（株）プレミアム住マイル,1990年（平成 2年） 3月,070-1636-0814,,250615
251,2.00134E+11,,マンション,267.38㎡,岐阜県,岐阜県岐阜市加納堀田町１丁目,"専属
オーナーチェンジ","6,800万円","6,800",6000,一住,484.24㎡,公開中,一方,東海道線 岐阜,徒歩 20分,-,（株）プレミアム住マイル,1988年（昭和63年） 7月,052-602-7621,,,250615
252,2.00134E+11,,アパート,146.83㎡,愛知県,愛知県名古屋市中川区九重町,"専属
オーナーチェンジ","5,900万円","5,900",5000,準工,129.52㎡,公開中,角地,名古屋線 黄金,徒歩 6分,北5.5m,（株）プレミアム住マイル,2016年（平成28年）12月,052-602-7621,,,250615
253,2.00134E+11,,アパート,173.17㎡,愛知県,愛知県名古屋市西区上名古屋２丁目,"専属
オーナーチェンジ","7,300万円","7,300",7000,近商,170.68㎡,申込あり,一方,鶴舞線 浄心,徒歩 3分,西10.4m,（株）プレミアム住マイル,2014年（平成26年） 7月,052-602-7621,,,250615
254,3.00123E+11,https://drive.google.com/file/d/1UhEdCpOLEoqwxnom2dm0qnH4bGX1EHcU/view?usp=drivesdk,アパート,288.58㎡,三重県,三重県鳥羽市小浜町,"売主
オーナーチェンジ","2,460万円","2,460",2000,二住,129.28㎡,-,一方,伊勢志摩線 鳥羽,徒歩 10分,北6m,（株）フロンティアコーポレーション,2020年（令和 2年） 3月,8014765771,リノクラッセ鳥羽アネックス,,250615
255,4.00134E+11,,アパート,"1,136.04㎡",群馬県,群馬県館林市近藤町,"専任
オーナーチェンジ","7,200万円","7,200",7000,準工,594.38㎡,公開中,-,東武小泉線 成島,徒歩 15分,東4m,（株）ベスト不動産,2006年（平成18年） 2月,092-739-8700,プラムヴィラ,,250615
256,1.00135E+11,,アパート,234.74㎡,神奈川県,神奈川県綾瀬市落合北７丁目,売主,"5,680万円","5,680",5000,一住,221.88㎡,-,-,江ノ島線 長後,停歩 2分/バス 15分,-,（株）ベルテックス,1987年（昭和62年）12月,046-828-6651,長後第３レジデンス,,250615
257,1.00134E+11,https://drive.google.com/file/d/1gL_MzDRf7B2GMZbaJ-1e0KAkcTjfaUmH/view?usp=drivesdk,アパート,81.78㎡,神奈川県,神奈川県横須賀市緑が丘,"専任
オーナーチェンジ","1,230万円","1,230",1000,一中,92.87㎡,公開中,-,京浜急行線 横須賀中央,徒歩 8分,南1.5m,（株）ポートホームズ,1987年（昭和62年） 1月,045-323-5555,緑が丘邸,,250615
258,4.00135E+11,,アパート,147.67㎡,福岡県,福岡県久留米市荒木町藤田,"専任
オーナーチェンジ","1,000万円","1,000",1000,-,147.99㎡,公開中,-,鹿児島線 荒木,徒歩 32分,北西,（株）ホームスター不動産管理,1977年（昭和52年）12月,0942-65-3504,,,250615
259,1.00133E+11,https://drive.google.com/file/d/1UpT008B0oIvZHgWOfzO4Gj-OFMRNGG9D/view?usp=drivesdk,アパート,219.14㎡,宮城県,宮城県仙台市青葉区国見２丁目,一般,"3,270万円","3,270",3000,二中,201.60㎡,-,二方,仙山線 東北福祉大前,徒歩 10分,北7m,（株）ホットハウス,1983年（昭和58年） 3月,8058563955,,,250615
260,1.00134E+11,,アパート,278.65㎡,千葉県,千葉県木更津市畑沢２丁目,"専任
オーナーチェンジ","1,900万円","1,900",1000,一中,79.48㎡,公開中,一方,内房線 君津,停歩 2分/バス 9分,東5m,（株）ほりきり太郎不動産,1993年（平成 5年） 3月,0438-97-5514,第二サニーハイツ,,250615
261,3.00134E+11,,マンション,177.33㎡,大阪府,大阪府大阪市住吉区山之内１丁目,一般,"10,000万円","10,000",10000,二中,447.94㎡,-,一方,南海高野線 我孫子前,徒歩 5分,北11m,（株）マックス不動産販売 南巽店,1973年（昭和48年） 6月,06-4309-8605,志村ハイツ,,250615
262,1.00134E+11,,アパート,214.98㎡,東京都,東京都練馬区春日町２丁目,"一般
オーナーチェンジ","11,000万円","11,000",11000,一中,216.20㎡,-,-,有楽町線 平和台,徒歩 10分,-,（株）ミラキュラル,1990年（平成 2年） 5月,03-6908-6601,春日町ハイム,,250615
263,1.00134E+11,,アパート,115.71㎡,埼玉県,埼玉県川越市岸町３丁目,"一般
オーナーチェンジ","3,800万円","3,800",3000,一中,128.68㎡,-,-,東武東上線 新河岸,徒歩 15分,-,（株）ミラキュラル,1992年（平成 4年） 3月,03-6908-6601,サンコート岸町,,250615
264,1.00134E+11,,アパート,99.17㎡,東京都,東京都練馬区三原台１丁目,"一般
オーナーチェンジ","7,800万円","7,800",7000,一低,105.28㎡,-,-,西武池袋線 石神井公園,徒歩 12分,-,（株）ミラキュラル,1990年（平成 2年）11月,03-6908-6601,ライフステージ石神井,,250615
265,1.00134E+11,,アパート,"1,075.42㎡",埼玉県,埼玉県本庄市朝日町２丁目,"一般
オーナーチェンジ","11,100万円","11,100",11000,一住,427.20㎡,-,角地,高崎線 本庄,徒歩 17分,南6m,（株）ライズプランニング,2012年（平成24年） 6月,03-3561-0411,ファミーユ本庄Ａ棟・Ｂ棟,,250615
266,2.00131E+11,,アパート,59.94㎡,愛知県,愛知県名古屋市守山区町南,"売主
オーナーチェンジ","3,790万円","3,790",3000,近商,116.45㎡,-,-,瀬戸線 矢田,徒歩 6分,北12m,（株）ライフィング,2020年（令和 2年） 1月,0586-52-6720,ＬＩＦＩＮＧ Ｃｏｕｒｔ 矢田駅東,,250615
267,2.00118E+11,,マンション,99.39㎡,愛知県,愛知県名古屋市北区山田１丁目,"売主
オーナーチェンジ","8,500万円","8,500",8000,商業,174.68㎡,-,-,名城線 大曽根,徒歩 2分,南15.9m,（株）ライフィング,1993年（平成 5年） 4月,0586-52-6720,ライフィングコート大曽根駅前,,250615
268,2.0013E+11,,マンション,216.97㎡,愛知県,愛知県名古屋市名東区西山台,"売主
オーナーチェンジ","7,990万円","7,990",7000,一住,303.43㎡,-,二方,東山線 星ヶ丘,徒歩 24分,北8m,（株）ライフィング,1993年（平成 5年） 3月,0586-52-6720,リアライズ西山台,,250615
269,2.00129E+11,,アパート,357.68㎡,静岡県,静岡県菊川市下平川,専任,"1,000万円","1,000",1000,定めなし,143.66㎡,公開中,一方,東海道線 菊川,徒歩 83分,北4.7m,（株）ライフイン企画,1990年（平成 2年） 7月,0537-73-6262,コーポタイム,,250615
270,1.00124E+11,,アパート,199.81㎡,宮城県,宮城県仙台市青葉区国見４丁目,"一般
オーナーチェンジ","6,500万円","6,500",6000,二中,199.80㎡,-,一方,仙山線 国見,徒歩 10分,北4m,（株）ラサキ不動産,2019年（平成31年） 4月,8055537854,,,250615
271,3.00134E+11,,アパート,"1,081.73㎡",兵庫県,兵庫県加古川市尾上町口里,"専属
オーナーチェンジ","19,900万円","19,900",19000,一中,469.52㎡,公開中,-,山陽電鉄本線 浜の宮,徒歩 6分,-,（株）ランドデザイン,2023年（令和 5年） 8月,06-6486-2588,ＴＨＩＮＫＬＡＮＤ浜の宮 ★現在満室です！！★,,250615
272,2.00128E+11,,アパート,306.46㎡,静岡県,静岡県静岡市葵区上足洗４丁目,"一般
オーナーチェンジ","5,400万円","5,400",5000,-,170.28㎡,-,-,静鉄 柚木,徒歩 38分,南西4m,（株）ランドトラスト,1986年（昭和61年） 7月,054-238-6667,,,250615
273,1.00135E+11,,アパート,294.99㎡,新潟県,新潟県阿賀野市日の出町,"売主
オーナーチェンジ",980万円,980,0,二中,200.40㎡,-,一方,羽越線 水原,徒歩 26分,南9m,（株）ランドネット,1990年（平成 2年）11月,03-3986-7201,グランデュール妹尾,,250615
274,1.00134E+11,,アパート,105.76㎡,北海道,北海道札幌市中央区南四条西１２丁目,"売主
オーナーチェンジ","3,980万円","3,980",3000,近商,238.08㎡,-,-,札幌市電 西１５丁目,徒歩 9分,-,（株）ランドネット,1994年（平成 6年） 5月,03-3986-7217,ディアナパレス,,250615
275,1.00134E+11,,アパート,122.65㎡,東京都,東京都練馬区豊玉北１丁目,"一般
オーナーチェンジ","13,400万円","13,400",13000,一中,115.90㎡,-,-,大江戸線 新江古田,徒歩 7分,-,（株）ランドネット,2019年（平成31年） 1月,03-3986-5515,ハーモニーテラス豊玉北,,250615
276,1.00134E+11,,アパート,133.38㎡,北海道,北海道札幌市東区北十二条東４丁目,"売主
オーナーチェンジ","3,840万円","3,840",3000,一住,237.91㎡,-,一方,地下東豊線 東区役所前,徒歩 6分,東4.5m,（株）ランドネット,1995年（平成 7年） 7月,03-3986-7217,グランフォルム北１２条,,250615
277,1.00135E+11,,アパート,208.00㎡,神奈川県,神奈川県平塚市中原３丁目,"専任
オーナーチェンジ","6,000万円","6,000",6000,一中,199.90㎡,公開中,一方,東海道線 平塚,徒歩 44分,北5m,（株）ランドネット横浜支店,2010年（平成22年） 9月,045-313-9017,ＴＡＫＵＭＩ,,250615
278,1.00135E+11,,アパート,134.00㎡,千葉県,千葉県船橋市上山町１丁目,"売主
オーナーチェンジ","2,900万円","2,900",2000,一低,97.68㎡,-,一方,武蔵野線 船橋法典,徒歩 9分,北東6m,（株）ランドネット 渋谷支店,2002年（平成14年） 8月,03-3409-1317,上山町１丁目アパート,,250615
279,1.00135E+11,,アパート,343.00㎡,茨城県,茨城県ひたちなか市北神敷台,"一般
オーナーチェンジ","2,000万円","2,000",2000,一低,275.10㎡,-,-,ひたち海浜 殿山,徒歩 19分,-,（株）ランドネット 渋谷支店,1996年（平成 8年） 8月,03-3409-1313,アメニティ神敷台,,250615
280,3.00133E+11,,マンション,212.82㎡,大阪府,大阪府大阪市淀川区十三元今里１丁目,専任,"16,000万円","16,000",16000,-,681.87㎡,公開中,-,東海道線 塚本,徒歩 10分,-,（株）リードエイジ,1988年（昭和63年） 3月,06-6282-7558,メゾン菊水,,250615
281,3.00133E+11,,マンション,201.68㎡,大阪府,大阪府富田林市谷川町,専任,"6,000万円","6,000",6000,-,277.19㎡,公開中,-,近鉄長野線 富田林西口,徒歩 6分,-,（株）リードエイジ,1991年（平成 3年） 2月,06-6282-7558,Ｒｉｎｏｎ谷川,,250615
282,3.00134E+11,,マンション,194.38㎡,兵庫県,兵庫県明石市別所町,売主,"4,600万円","4,600",4000,-,194.38㎡,-,-,山陽線 西明石,徒歩 8分,-,（株）リードエイジ,築年不詳,06-6282-7558,,,250615
283,2.00132E+11,,アパート,140.00㎡,愛知県,愛知県名古屋市守山区鳥神町,"一般
オーナーチェンジ","5,480万円","5,480",5000,二住,161.68㎡,-,角地,ＧＢ志段味 川宮,徒歩 8分,北16m,（株）リクラス,2007年（平成19年）12月,0120-67-0021,ルーグラン,,250615
284,1.00135E+11,,アパート,152.70㎡,千葉県,千葉県松戸市二ツ木,一般,"10,114万円","10,114",10000,準住,205.71㎡,-,一方,常磐緩行線 北小金,徒歩 14分,北東,（株）リビングコンシェル 国分寺店,2024年（令和 6年） 7月,042-312-4763,レジデンス新松戸,,250615
285,1.00132E+11,,アパート,284.97㎡,秋田県,秋田県秋田市横森４丁目,"専任
オーナーチェンジ","2,100万円","2,100",2000,一低,189.56㎡,公開中,-,秋田新幹線 秋田,徒歩 32分,西6m,（株）リブエス 秋田店,1990年（平成 2年） 4月,018-838-7826,秋田市横森四丁目 中古アパート,,250615
286,1.00132E+11,,アパート,181.00㎡,秋田県,秋田県潟上市昭和大久保字宮の前,"専任
オーナーチェンジ","2,300万円","2,300",2000,一中,185.48㎡,公開中,-,奥羽線 大久保,徒歩 14分,西6.5m,（株）リブエス 秋田店,2009年（平成21年） 2月,018-838-7826,潟上市昭和大久保 中古アパート,,250615
287,1.00132E+11,,アパート,241.33㎡,秋田県,秋田県秋田市八橋本町６丁目,"専任
オーナーチェンジ","2,180万円","2,180",2000,一住,167.26㎡,公開中,-,奥羽線 泉外旭川,徒歩 45分,北4.5m,（株）リブエス 秋田店,1990年（平成 2年） 2月,018-838-7826,秋田市八橋本町六丁目 中古アパート,,250615
288,1.00135E+11,,マンション,139.37㎡,神奈川県,神奈川県横浜市南区若宮町３丁目,"一般
オーナーチェンジ","11,000万円","11,000",11000,一住,258.41㎡,-,-,横浜ブルー 弘明寺,徒歩 5分,-,（株）レジデンス・マネジメント,1990年（平成 2年） 2月,03-5318-8030,,,250615
289,4.00133E+11,,アパート,266.57㎡,福岡県,福岡県福岡市東区和白２丁目,"売主
オーナーチェンジ","4,800万円","4,800",4000,一住,161.56㎡,-,-,西鉄貝塚線 和白,徒歩 8分,南4m,（株）レントハウス不動産,1999年（平成11年）10月,092-607-5555,イーストピア和白,,250615
290,4.00135E+11,,アパート,272.70㎡,福岡県,福岡県福津市花見の里１丁目,代理,"5,700万円","5,700",5000,一住,148.80㎡,-,-,鹿児島線 千鳥,徒歩 12分,北東5m,（株）レントハウス不動産,2017年（平成29年） 1月,092-607-5555,ファインフォレスタ福津,,250615
291,4.00133E+11,,アパート,"2,272.99㎡",福岡県,福岡県嘉麻市漆生,"一般
オーナーチェンジ","5,800万円","5,800",5000,定めなし,"1,137.95㎡",-,-,後藤寺線 下鴨生,徒歩 53分,北,（株）レントハウス不動産,1986年（昭和61年）10月,092-607-5555,漆生第２コーポＡ棟、Ｂ棟,,250615
292,4.00134E+11,,アパート,588.92㎡,福岡県,福岡県福岡市東区和白４丁目,"一般
オーナーチェンジ","9,580万円","9,580",9000,一住,394.76㎡,-,-,西鉄貝塚線 和白,徒歩 7分,南東4m,（株）レントハウス不動産,2007年（平成19年） 2月,092-607-5555,マリンサイド壱番館・弐番館,,250615
293,4.00133E+11,,マンション,"2,030.54㎡",福岡県,福岡県飯塚市伊岐須,"一般
オーナーチェンジ","25,000万円","25,000",25000,一中,"1,525.75㎡",-,-,,,-,（株）レントハウス不動産,1989年（平成 1年） 3月,092-607-5555,メゾン山美Ⅰ・Ⅱ,,250615
294,4.00133E+11,,アパート,202.71㎡,福岡県,福岡県福岡市東区和白４丁目,"売主
オーナーチェンジ","6,800万円","6,800",6000,一住,225.04㎡,-,-,香椎線 和白,徒歩 3分,南東3.9m,（株）レントハウス不動産,2011年（平成23年）12月,092-607-5555,ＣＩＡＯ ＷＡＪＩＲＯ,,250615
295,4.00133E+11,,アパート,526.84㎡,福岡県,福岡県直方市大字感田,"一般
オーナーチェンジ","7,560万円","7,560",7000,一住,295.82㎡,-,二方,筑豊電鉄線 遠賀野,徒歩 15分,西11.4m,（株）レントハウス不動産,2018年（平成30年） 4月,092-607-5555,アムールエスパス,,250615
296,4.00133E+11,,アパート,485.07㎡,福岡県,福岡県福岡市東区和白東２丁目,"一般
オーナーチェンジ","6,300万円","6,300",6000,一低,278.24㎡,-,-,香椎線 和白,徒歩 13分,西4.4m,（株）レントハウス不動産,1988年（昭和63年） 3月,092-607-5555,グランピア和白東,,250615
297,4.00133E+11,,アパート,698.31㎡,福岡県,福岡県宗像市河東,"一般
オーナーチェンジ","6,200万円","6,200",6000,一低,372.63㎡,-,-,鹿児島線 東郷,徒歩 40分,-,（株）レントハウス不動産,2007年（平成19年） 2月,092-607-5555,プリムローズ・ユー,,250615
298,4.00133E+11,,アパート,"1,035.93㎡",福岡県,福岡県飯塚市伊岐須,"一般
オーナーチェンジ","7,550万円","7,550",7000,一住,659.06㎡,-,-,筑豊線 新飯塚,徒歩 57分,西7m,（株）レントハウス不動産,1996年（平成 8年） 4月,092-607-5555,ヴィブレＡ・Ｂ・Ｃ,,250615
299,4.00134E+11,,アパート,142.42㎡,福岡県,福岡県福岡市東区香椎５丁目,"一般
オーナーチェンジ","1,900万円","1,900",1000,-,105.96㎡,-,-,香椎線 香椎神宮,徒歩 10分,南西5m,（株）レントハウス不動産,1999年（平成11年） 9月,092-607-5555,ヌウハレイ千早,,250615
300,4.00133E+11,,マンション,420.09㎡,福岡県,福岡県福岡市東区香住ヶ丘４丁目,"売主
オーナーチェンジ","15,500万円","15,500",15000,一住,502.10㎡,-,-,西鉄貝塚線 香椎花園前,徒歩 7分,東5.4m,（株）レントハウス不動産,1995年（平成 7年） 3月,092-607-5555,ガーデンハイム香住ヶ丘,,250615
301,4.00133E+11,,アパート,337.99㎡,福岡県,福岡県飯塚市伊岐須,売主,"6,600万円","6,600",6000,一低,198.40㎡,アズール九工大前,-,-,筑豊線 新飯塚,徒歩 44分,北東7.5m,（株）レントハウス不動産,2025年（令和 7年） 3月,092-607-5555,,250615
302,4.00133E+11,,アパート,"2,407.90㎡",福岡県,福岡県飯塚市相田,"一般
オーナーチェンジ","5,530万円","5,530",5000,二低,533.40㎡,カーサエスペラール,-,-,筑豊線 新飯塚,徒歩 85分,-,（株）レントハウス不動産,1999年（平成11年） 2月,092-607-5555,,250615
303,4.00133E+11,,アパート,640.52㎡,福岡県,福岡県飯塚市下三緒,"一般
オーナーチェンジ","6,800万円","6,800",6000,一低,311.34㎡,カーサデュオ,-,-,後藤寺線 新飯塚,徒歩 17分,北西,（株）レントハウス不動産,2000年（平成12年）12月,092-607-5555,,250615
304,4.00133E+11,,アパート,"1,900.35㎡",福岡県,福岡県飯塚市伊川,"一般
オーナーチェンジ","9,300万円","9,300",9000,二住,458.76㎡,スパサイド伊川,-,-,筑豊線 新飯塚,徒歩 68分,北西6.2m,（株）レントハウス不動産,2015年（平成27年） 7月,092-607-5555,,250615
305,4.00133E+11,,マンション,"1,500.12㎡",福岡県,福岡県直方市新知町,"一般
オーナーチェンジ","18,000万円","18,000",18000,準工,"2,308.25㎡",ロイヤルメゾン,-,-,筑豊電鉄線 筑豊直方,徒歩 7分,北東15m,（株）レントハウス不動産,1986年（昭和61年） 3月,092-607-5555,,250615
306,3.00134E+11,,マンション,124.59㎡,大阪府,大阪府大阪市旭区新森２丁目,一般,"8,100万円","8,100",8000,-,265.09㎡,,-,-,大阪メトロ今里筋線 新森古市,徒歩 6分,-,（株）万事屋,,06-6829-7369,,250615
307,1.00135E+11,,マンション,298.82㎡,栃木県,栃木県小山市駅東通り１丁目,"一般
オーナーチェンジ","4,980万円","4,980",4000,二住,408.48㎡,,-,角地,東北本線（宇都宮線） 小山,徒歩 10分,北6m,（株）三ラージ,1985年（昭和60年） 1月,0270-27-8777,,250615
308,1.00133E+11,,アパート,176.00㎡,埼玉県,埼玉県北葛飾郡杉戸町高野台西１丁目,専任,"6,980万円","6,980",6000,近商,218.20㎡,エクセレントハイム,公開中,角地,東武日光線 杉戸高野台,徒歩 5分,12m,（株）三光エステート,2003年（平成15年）10月,8071161323,,250615
309,1.00134E+11,,アパート,330.55㎡,北海道,北海道札幌市南区真駒内東町１丁目,一般,"4,980万円","4,980",4000,一住,583.21㎡,グラシアスガシンⅡ・Ⅲ,-,角地,地下南北線 自衛隊前,徒歩 5分,北5.3m,（株）三光リアルティ,1993年（平成 5年）12月,011-558-3400,,250615
310,1.00135E+11,,アパート,247.27㎡,東京都,東京都杉並区阿佐谷南１丁目,"専属
オーナーチェンジ","29,920万円","29,920",29000,一中,284.24㎡,フラットありあけと金沢荘,公開中,一方,中央線 阿佐ケ谷,徒歩 3分,北西3.4m,（株）不動産センター,1969年（昭和44年） 8月,03-3963-1131,,250615
311,1.00128E+11,,アパート,152.15㎡,神奈川県,神奈川県相模原市南区東大沼２丁目,専属,"2,830万円","2,830",2000,一低,144.04㎡,ぷちはいむ,公開中,一方,横浜線 古淵,徒歩 26分,西5.9m,（株）住建ヤマト渕野辺店,1988年（昭和63年）11月,042-754-0259,,250615
312,1.00135E+11,,アパート,491.40㎡,東京都,東京都練馬区貫井５丁目,"売主
オーナーチェンジ","16,300万円","16,300",16000,一住,384.24㎡,レオパレスライブリィスターⅡ,-,二方,西武池袋線 中村橋,徒歩 13分,南東5.7m,（株）住栄都市サービス,2004年（平成16年） 2月,070-4198-7451,,250615
313,1.00135E+11,,アパート,201.45㎡,東京都,東京都中野区沼袋３丁目,"売主
オーナーチェンジ","10,400万円","10,400",10000,一低,143.72㎡,レオパレス野方第１６,-,一方,西武新宿線 沼袋,徒歩 7分,西5.4m,（株）住栄都市サービス,1991年（平成 3年）10月,070-4198-7451,,250615
314,1.00135E+11,,アパート,98.25㎡,東京都,東京都板橋区東山町,"売主
オーナーチェンジ","11,300万円","11,300",11000,近商,186.30㎡,レオパレスＲＸ常盤台第４,-,一方,東武東上線 ときわ台,徒歩 13分,24.9m,（株）住栄都市サービス,1990年（平成 2年）12月,070-4198-7451,,250615
315,1.00135E+11,,アパート,392.41㎡,神奈川県,神奈川県藤沢市辻堂５丁目,"専属
オーナーチェンジ","11,800万円","11,800",11000,一低,259.94㎡,シェレンバウム,公開中,一方,東海道線 辻堂,徒歩 15分,南4m,（株）信栄不動産,1987年（昭和62年） 2月,0466-34-1230,,250615
316,1.00135E+11,,アパート,225.36㎡,東京都,東京都練馬区早宮３丁目,"一般
オーナーチェンジ","13,000万円","13,000",13000,一低,223.36㎡,アイコート豊島園,-,-,大江戸線 豊島園,徒歩 10分,-,（株）大三,2014年（平成26年）12月,080-5451-0031,,250615
317,1.00135E+11,,マンション,165.43㎡,愛媛県,愛媛県松山市空港通２丁目,"一般
オーナーチェンジ","4,880万円","4,880",4000,準工,297.16㎡,池川マンション,-,角地,伊予郡中線 土居田,徒歩 9分,北,（株）常陽トラスト,1986年（昭和61年） 1月,045-326-3077,,250615
318,1.00135E+11,,マンション,731.08㎡,愛媛県,愛媛県松山市古川西３丁目,"一般
オーナーチェンジ","11,280万円","11,280",11000,一住,814.90㎡,リッチフィールド古川西,-,一方,予讃線 市坪,徒歩 14分,西4m,（株）常陽トラスト,1988年（昭和63年） 5月,045-326-3077,,250615
319,1.00135E+11,,マンション,753.59㎡,愛媛県,愛媛県松山市山越６丁目,"一般
オーナーチェンジ","12,100万円","12,100",12000,一住,974.39㎡,セントポーリア山越,-,一方,伊予高浜線 衣山,徒歩 13分,東4m,（株）常陽トラスト,1989年（平成 1年） 3月,045-326-3077,,250615
320,1.00133E+11,,アパート,518.89㎡,北海道,北海道石狩郡当別町緑町,専属,"4,200万円","4,200",4000,一中,391.26㎡,リバーサイドＹＡＭＡＤＡ,公開中,二方,札沼線 当別,徒歩 5分,南10.1m,株式会社田西会館,1995年（平成 7年） 1月,0133-23-2170,,250615
321,1.00134E+11,,アパート,316.70㎡,神奈川県,神奈川県相模原市南区鵜野森２丁目,専任,"13,200万円","13,200",13000,一低,211.62㎡,Ａｍｂｉｔｉｏｎ町田,公開中,一方,横浜線 町田,徒歩 13分,北6.9m,（株）新日本コンサルティング,2019年（令和 1年） 6月,345601003,,250615
322,1.00135E+11,,マンション,396.45㎡,東京都,東京都立川市上砂町５丁目,"専任
オーナーチェンジ","14,430万円","14,430",14000,工業,433.12㎡,ルミエール上砂第一,公開中,一方,西武拝島線 武蔵砂川,徒歩 5分,南東3.6m,（株）新日本コンサルティング,1987年（昭和62年）10月,050-3149-0701,,250615
323,1.00134E+11,,アパート,170.44㎡,東京都,東京都東久留米市新川町２丁目,"専任
オーナーチェンジ","14,690万円","14,690",14000,二中,243.45㎡,ＷＩＬＬ ＴＥＲＲＡＣＥ,公開中,二方,西武池袋線 東久留米,徒歩 10分,北西4.5m,（株）新日本コンサルティング,2019年（令和 1年） 6月,345601003,,250615
324,1.00132E+11,,アパート,168.12㎡,東京都,東京都大田区大森南１丁目,"専任
オーナーチェンジ","13,500万円","13,500",13000,準工,158.58㎡,コーポキネマ大森南,公開中,一方,京浜急行線 梅屋敷,徒歩 16分,東4m,（株）新明不動産商事,2005年（平成17年）11月,364248228,,250615
325,1.0013E+11,,マンション,76.27㎡,東京都,東京都大田区多摩川１丁目,"一般
オーナーチェンジ","12,300万円","12,300",12000,準工,301.06㎡,ＴＫビル,-,一方,東急多摩川 矢口渡,徒歩 4分,東35m,（株）新明不動産商事,1972年（昭和47年） 1月,364248228,,250615
326,3.00135E+11,,アパート,155.11㎡,京都府,京都府京都市山科区音羽千本町,"専属
オーナーチェンジ","8,800万円","8,800",8000,一中,220.20㎡,Ｒｏａｄ ｍａｄｅ,公開中,-,京都市営地下鉄東西線 東野,徒歩 12分,北7.7m,（株）明星住販,2018年（平成30年）12月,075-502-2720,,250615
327,1.00134E+11,,アパート,500.22㎡,新潟県,新潟県上越市寺町２丁目,"一般
オーナーチェンジ","1,480万円","1,480",1000,一中,208.68㎡,コーポ寺前,-,一方,妙高ライン 高田,徒歩 15分,南8m,（株）昭和林業の家,1990年（平成 2年） 7月,255454800,,250615
328,1.00131E+11,,アパート,439.83㎡,神奈川県,神奈川県横浜市磯子区森２丁目,"一般
オーナーチェンジ","11,120万円","11,120",11000,一住,258.36㎡,,-,一方,京浜東北線 磯子,徒歩 7分,4m,（株）東都 資産運用ユニット,2015年（平成27年） 8月,424448258,,250615
329,2.00134E+11,,マンション,276.99㎡,愛知県,愛知県名古屋市瑞穂区中山町１丁目,専任,"12,000万円","12,000",12000,近商,528.17㎡,ハーモニアス桜山,公開中,一方,桜通線 桜山,徒歩 5分,東10m,（株）箕浦不動産,1995年（平成 7年） 2月,052-803-0085,,250615
330,1.0013E+11,,アパート,84.00㎡,東京都,東京都町田市南大谷,"専属
オーナーチェンジ","1,598万円","1,598",1000,一低,52.88㎡,アートハウス,公開中,一方,小田急線 町田,徒歩 16分,北4m,（株）藤島,1971年（昭和46年） 6月,9030699831,,250615
331,1.00135E+11,,アパート,151.32㎡,埼玉県,埼玉県入間郡毛呂山町大字毛呂本郷,"専属
オーナーチェンジ","2,480万円","2,480",2000,一住,158.32㎡,センティアまつもと,公開中,一方,八高線 毛呂,徒歩 8分,西2.9m,（株）西武開発 飯能店,1994年（平成 6年） 3月,042-972-2411,,250615
332,3.00132E+11,,アパート,335.74㎡,大阪府,大阪府和泉市池上町２丁目,専任,"2,000万円","2,000",2000,-,152.42㎡,和泉市池上町,公開中,一方,阪和線 信太山,徒歩 8分,南東4.1m,（株）長谷川,1965年（昭和40年）11月,072-462-3345,,250615
333,4.00126E+11,,アパート,835.00㎡,福岡県,福岡県久留米市城島町江上上,"専任
オーナーチェンジ","6,300万円","6,300",6000,定めなし,406.24㎡,ドリーム龍 ドリーム紅,公開中,-,西鉄大牟田 大溝,徒歩 32分,-,（株）駅前不動産 売買大牟田,2003年（平成15年） 1月,070-6400-6097,,250615
334,4.00132E+11,,アパート,255.60㎡,福岡県,福岡県八女市黒木町北木屋,"一般
オーナーチェンジ",560万円,560,0,定めなし,135.12㎡,黒木町北木屋 賃貸戸建（２軒）,-,-,,,-,（株）駅前不動産 売買大牟田,1991年（平成 3年）12月,070-6400-6097,,250615
335,4.0013E+11,,アパート,171.63㎡,福岡県,福岡県柳川市三橋町江曲,"専任
オーナーチェンジ",980万円,980,0,定めなし,115.92㎡,コーポ江曲,公開中,-,西鉄大牟田 西鉄柳川,徒歩 29分,-,（株）駅前不動産 売買大牟田,1994年（平成 6年）10月,070-6400-6097,,250615
336,4.00132E+11,,アパート,632.58㎡,福岡県,福岡県柳川市三橋町棚町,"専任
オーナーチェンジ","3,500万円","3,500",3000,定めなし,401.20㎡,プレジール垂見,公開中,-,西鉄大牟田 塩塚,徒歩 25分,-,（株）駅前不動産 売買筑後,1987年（昭和62年）11月,070-6590-6210,,250615
337,4.00134E+11,,アパート,163.26㎡,福岡県,福岡県久留米市御井町,"一般
オーナーチェンジ","2,700万円","2,700",2000,一中,152.24㎡,プライマリー久留米大前,-,-,久大線 久留米大学前,徒歩 11分,-,（株）駅前不動産 売買筑後,1988年（昭和63年） 2月,070-6590-6210,,250615
338,4.00134E+11,,アパート,321.33㎡,福岡県,福岡県久留米市御井町,一般,"7,980万円","7,980",7000,一住,400.56㎡,プライマリー久留米大東,-,-,久大線 久留米大学前,徒歩 12分,-,（株）駅前不動産 売買筑後,1991年（平成 3年） 5月,070-6590-6210,,250615
339,4.00133E+11,,アパート,541.00㎡,福岡県,福岡県筑後市大字長浜,"専任
オーナーチェンジ","2,000万円","2,000",2000,準工,202.00㎡,アーサ長浜,公開中,-,鹿児島線 羽犬塚,徒歩 28分,-,（株）駅前不動産 売買筑後,1990年（平成 2年） 4月,070-6590-6210,,250615
340,4.00129E+11,,アパート,300.28㎡,福岡県,福岡県八女市前古賀,"一般
オーナーチェンジ","1,490万円","1,490",1000,定めなし,221.40㎡,エスペランサ参番館,-,-,鹿児島線 羽犬塚,徒歩 51分,-,（株）駅前不動産 売買筑後,1979年（昭和54年） 4月,070-6590-6210,,250615
341,4.00133E+11,,アパート,813.00㎡,福岡県,福岡県朝倉市杷木志波,専任,"3,500万円","3,500",3000,定めなし,397.90㎡,明和ハイツ,公開中,-,,,-,（株）駅前不動産 西鉄筑紫店,1980年（昭和55年） 8月,070-4693-6552,,250615
342,1.00135E+11,,アパート,687.00㎡,茨城県,茨城県つくば市春日４丁目,専任,"8,150万円","8,150",8000,一中,396.90㎡,つくば市春日４ 売アパート２棟,公開中,一方,つくばＥＸ つくば,徒歩 34分,南,桂不動産（株）筑波大学前支店,1986年（昭和61年） 3月,080-5907-3756,,250615
343,4.00134E+11,,アパート,599.41㎡,山口県,山口県下関市秋根東町,"専任
オーナーチェンジ","3,980万円","3,980",3000,一住,301.60㎡,ｍｉｋｉハイム,申込あり,一方,山陽新幹線 新下関,徒歩 10分,東6m,渡邊不動産販売（株）,1988年（昭和63年） 4月,832945150,,250615
344,4.00135E+11,,アパート,386.77㎡,熊本県,熊本県八代市錦町,"専任
オーナーチェンジ","3,300万円","3,300",3000,二住,503.48㎡,北岡アパート,一時停止,一方,鹿児島線 八代,徒歩 9分,南5.9m,熊本地所（株）,1985年（昭和60年） 3月,8072288804,,250615
345,4.00134E+11,,アパート,999.81㎡,宮崎県,宮崎県都城市南横市町,"専属
オーナーチェンジ","5,000万円","5,000",5000,定めなし,424.02㎡,南横市アパート,申込あり,一方,日豊線 五十市,停歩 5分/バス 7分,北6m,絆不動産（株）,2009年（平成21年） 8月,9078669613,,250615
346,1.00134E+11,,アパート,214.12㎡,埼玉県,埼玉県入間市東藤沢２丁目,"売主
オーナーチェンジ","3,680万円","3,680",3000,一住,198.52㎡,広栄荘,-,一方,西武池袋線 武蔵藤沢,徒歩 5分,南東3.9m,藤和建設㈱,1972年（昭和47年） 4月,04-2924-8866,,250615
347,1.00134E+11,,アパート,236.92㎡,神奈川県,神奈川県横浜市南区堀ノ内町２丁目,売主,"17,294.85万円","17,294",17000,一住,293.31㎡,,-,-,横浜ブルー 蒔田,徒歩 12分,-,都市総合企画（株）,2025年（令和 7年） 6月,045-366-1983,,250615
348,1.00134E+11,,アパート,258.14㎡,神奈川県,神奈川県横浜市南区別所３丁目,売主,"18,457.95万円","18,457",18000,一低,309.04㎡,,-,-,京浜急行線 上大岡,徒歩 15分,-,都市総合企画（株）,2025年（令和 7年） 5月,045-366-1983,,250615
349,1.00135E+11,,アパート,183.42㎡,東京都,東京都大田区中央４丁目,一般,"9,580万円","9,580",9000,一住,99.68㎡,ディアス中央,-,一方,都営浅草線 西馬込,徒歩 14分,北東6.5m,野村不動産ソリューションズ（株） 浦和営業部,2001年（平成13年） 1月,048-833-3191,,250615
350,1.00128E+11,,アパート,839.00㎡,千葉県,千葉県船橋市飯山満町１丁目,"専任
オーナーチェンジ","16,000万円","16,000",16000,定めなし,616.92㎡,ペロー弐番館,公開中,二方,東葉高速線 飯山満,徒歩 12分,南東8m,野村不動産ソリューションズ（株） 柏センター,2007年（平成19年） 1月,04-7163-4471,,250615
351,1.00124E+11,,マンション,152.44㎡,神奈川県,神奈川県横浜市保土ケ谷区西久保町,"一般
オーナーチェンジ","14,000万円","14,000",14000,二中,196.17㎡,ソリッド保土ヶ谷壱番館,-,-,横須賀線 保土ケ谷,徒歩 9分,南東5.7m,野村不動産ソリューションズ（株） 目黒センター,2018年（平成30年） 9月,03-6408-5524,,250615
352,1.00116E+11,,アパート,165.34㎡,東京都,東京都多摩市南野２丁目,一般,"4,300万円","4,300",4000,二中,189.93㎡,レオパレス南野,-,一方,相模原線 京王多摩センター,停歩 3分/バス 12分,南6m,野村不動産ソリューションズ（株） 本店営業部,1989年（平成 1年） 2月,03-3345-0344,,250615
353,1.00135E+11,,マンション,661.43㎡,茨城県,茨城県水戸市元吉田町,"一般
オーナーチェンジ","8,980万円","8,980",8000,-,752.42㎡,,-,一方,常磐線 水戸,徒歩 22分/車 1.9km,南2.7m,香陵住販（株）駅南支店,1990年（平成 2年）11月,029-228-4700,,250615
354,4.00123E+11,,アパート,332.16㎡,岡山県,岡山県津山市楢,専任,"1,580万円","1,580",1000,定めなし,244.51㎡,,公開中,一方,因美線 高野,徒歩 30分,北西6m,鶴山不動産（株）津山東支店,1985年（昭和60年） 8月,0868-21-8700,,250615
355,4.00125E+11,,マンション,212.69㎡,岡山県,岡山県津山市山北,"一般
オーナーチェンジ","2,640万円","2,640",2000,定めなし,308.69㎡,第５ＡＳＫパークハイツ,-,-,津山線 津山,徒歩 31分,-,鶴山不動産（株）津山東支店,1988年（昭和63年）12月,0868-21-8700,,250615
356,4.00124E+11,,マンション,569.50㎡,岡山県,岡山県勝田郡勝央町植月北,"一般
オーナーチェンジ",470万円,470,0,-,134.46㎡,勝央町植月北戸建,-,-,姫新線 勝間田,徒歩 63分,西10m,鶴山不動産（株）津山東支店,1994年（平成 6年） 3月,0868-21-8700,,250615
357,4.00123E+11,,アパート,284.44㎡,岡山県,岡山県津山市小原,"専任
オーナーチェンジ",390万円,390,0,一低,42.56㎡,津山市小原戸建,公開中,一方,津山線 津山,徒歩 41分,東,鶴山不動産（株）津山東支店,1976年（昭和51年） 5月,0868-21-8700,,250615
358,4.00123E+11,,アパート,87.13㎡,岡山県,岡山県津山市田町,"一般
オーナーチェンジ",500万円,500,0,商業,106.42㎡,田町アパート,-,一方,津山線 津山,徒歩 18分,西9m,鶴山不動産（株）津山東支店,1963年（昭和38年） 1月,0868-21-8700,,250615
359,4.00123E+11,,アパート,328.81㎡,岡山県,岡山県津山市国分寺,専任,980万円,980,0,定めなし,81.57㎡,国分寺戸建,公開中,一方,姫新線 東津山,徒歩 23分,北4m,鶴山不動産（株）津山東支店,1976年（昭和51年） 8月,0868-21-8700,,250615
360,4.00123E+11,,アパート,321.34㎡,岡山県,岡山県津山市小原,"専任
オーナーチェンジ",850万円,850,0,一低,117.22㎡,津山市小原戸建,公開中,一方,姫新線 津山,徒歩 39分,北,鶴山不動産（株）津山東支店,1966年（昭和41年） 6月,0868-21-8700,,250615
361,4.00123E+11,,アパート,372.00㎡,岡山県,岡山県津山市横山,一般,"1,390万円","1,390",1000,定めなし,204.00㎡,横山アパート,-,一方,津山線 津山,徒歩 15分,北4m,鶴山不動産（株）津山東支店,1986年（昭和61年） 3月,0868-21-8700,,250615
